[{"model": "web.user", "pk": 1, "fields": {"name": "\u5e9e\u4e49\u4eba", "sex": "male", "email": "895808228@qq.com", "password": "30b6a46e55352fe86af72bfaae17bae37e06af2db9d42c2d2c77aa00a14e292a", "birth": "1999-04-09", "qq": "895808228", "phone": "13612053936", "self_introduction": "\u563f\u563f\u563f", "c_time": "2019-07-30T13:01:00.740Z", "has_confirmed": true, "status": 0, "something": null}}, {"model": "web.user", "pk": 2, "fields": {"name": "\u9ec4\u777f\u4e4b", "sex": "male", "email": "deviljor@outlook.com", "password": "6e94881e617253a8a01167814b910e352dc1b454ac2e4fe0f2081198437c0e36", "birth": "1999-12-19", "qq": "1037715557", "phone": "15289473981", "self_introduction": "\u9e3d\u5b50", "c_time": "2019-07-30T14:05:45.106Z", "has_confirmed": true, "status": 0, "something": null}}, {"model": "web.user", "pk": 3, "fields": {"name": "\u738b\u660a\u5f3a", "sex": "male", "email": "whqxbs@163.com", "password": "baee5ebaa0af9aee7bf5b7b49c2d09f058d820c5efa67918cc465a02a1c95146", "birth": "2000-05-20", "qq": "940862610", "phone": "13593546418", "self_introduction": "Wal1et", "c_time": "2019-07-30T14:23:34.041Z", "has_confirmed": true, "status": 0, "something": null}}, {"model": "web.user", "pk": 4, "fields": {"name": "Senze Zhang", "sex": "male", "email": "shadowyspirits@outlook.com", "password": "874acdce625b14af130d80eebfcd5dee35dcf87d0f52e35060aa865e05e5f073", "birth": "1999-01-01", "qq": "1139207868", "phone": "17741501839", "self_introduction": "qwq", "c_time": "2019-07-30T14:24:04.516Z", "has_confirmed": true, "status": 0, "something": null}}, {"model": "web.user", "pk": 5, "fields": {"name": "\u6731\u4e16\u5065", "sex": "male", "email": "1291255759@qq.com", "password": "7dd12b181e761fb34fec90d7585d58dfd8362886210ae98b0a06035d4c1c5db1", "birth": "2001-01-01", "qq": "1291255759", "phone": "13210231380", "self_introduction": "\u5927\u4e00\u5f1f\u5f1f\u4e00\u679a\uff08\u6ed1\u7a3d\uff09", "c_time": "2019-07-30T14:38:07.598Z", "has_confirmed": true, "status": 0, "something": null}}, {"model": "web.user", "pk": 6, "fields": {"name": "\u5de6\u8fb0\u5b87", "sex": "male", "email": "zcy621799@163.com", "password": "bb8495a73b2c2e0fe3d2e0243ceaf681a2365442754738d0cb7ff301d2d0f773", "birth": "1999-11-09", "qq": "896494529", "phone": "18332216217", "self_introduction": "\u770b\u770b\u7528\u6237\u7aef\u798f\u5229\u9898\u663e\u793a\u60c5\u51b5", "c_time": "2019-07-31T04:34:06.219Z", "has_confirmed": true, "status": 0, "something": null}}, {"model": "web.user", "pk": 8, "fields": {"name": "\u9648\u4f1f", "sex": "male", "email": "cj1640867082@outlook.com", "password": "87a735ae88fccea1359bfc8abd90753a60abd1d28dd1f463db790232a9f3fac0", "birth": "2000-11-02", "qq": "1640867082", "phone": "13915357647", "self_introduction": "\u8fd9\u4e2a\u4eba\u5f88\u61d2\u4ec0\u4e48\u4e5f\u6ca1\u5199\ud83d\ude02", "c_time": "2019-07-31T08:34:26.475Z", "has_confirmed": true, "status": 0, "something": null}}, {"model": "web.user", "pk": 9, "fields": {"name": "\u67f4\u82e5\u6668", "sex": "male", "email": "345162311@qq.com", "password": "9aea93af3685df21824aa60cb1ccd38307f2bf179820d8031cf395bc9797c648", "birth": "2000-07-28", "qq": "345162311", "phone": "15529490982", "self_introduction": "\u6765\u81ea\u91cd\u5e86\uff0c18\u7ea7\u7f51\u4fe1\u9662\u7f51\u5b89\u5b9e\u9a8c\u73ed\u540c\u5b66\u4e00\u540d\uff0c\u6709\u610f\u613f\u52a0\u5165\u6280\u672f\u90e8\u3002", "c_time": "2019-07-31T08:38:24.990Z", "has_confirmed": true, "status": 0, "something": null}}, {"model": "web.user", "pk": 10, "fields": {"name": "\u5f20", "sex": "male", "email": "zhangxiaotiannew@outlook.com", "password": "5b0cf28d7d51cf1b95c5c021bb9e0fec45888fdc618f69d7fd12ac86d7725405", "birth": "1999-08-08", "qq": "625679643", "phone": "13663444628", "self_introduction": "\u6709\u6ca1\u6709\u4e2a\u8001\u4eba\u901a\u9053\u554a", "c_time": "2019-07-31T08:49:00.133Z", "has_confirmed": true, "status": 0, "something": null}}, {"model": "web.user", "pk": 11, "fields": {"name": "\u8427\u5b81\u6d01", "sex": "female", "email": "kant422@outlook.com", "password": "179875e79947f21c88c7b5004b3f24a79c5a2e181a2652de441c3d80357a24a5", "birth": "2000-11-05", "qq": "1255759709", "phone": "15951600235", "self_introduction": "18\u6d3b\u52a8\u90e8\u786c\u4ef6\u7ec4", "c_time": "2019-07-31T08:57:05.222Z", "has_confirmed": true, "status": 0, "something": null}}, {"model": "web.user", "pk": 12, "fields": {"name": "\u5f20\u61ff\u749e", "sex": "female", "email": "535288367@qq.com", "password": "e7b098f289abe708f9645581fc4b16b1a0a0f4632700744049520c8c62f7c81f", "birth": "2000-12-06", "qq": "535288367", "phone": "15991842705", "self_introduction": "\u6211\u53eb\u5f20\u61ff\u749e\uff0c\u6765\u81ea\u9655\u897f\uff0c\u5c31\u8bfb\u4e8e\u5fae\u7535\u5b50\u79d1\u5b66\u4e0e\u5de5\u7a0b\u4e13\u4e1a", "c_time": "2019-07-31T09:06:50.682Z", "has_confirmed": true, "status": 0, "something": null}}, {"model": "web.user", "pk": 14, "fields": {"name": "\u5468\u661f\u5b87", "sex": "male", "email": "zhouxingyu13@163.com", "password": "84f55e0d0ad78f33472fd9d61bd2b19bdeab92b0388c92491684de6c992d8b6b", "birth": "2000-05-26", "qq": "2307159185", "phone": "19803059633", "self_introduction": "\u559c\u6b22\u8ba1\u7b97\u673a\uff0c\u662f\u4e2a\u5c0f\u767d", "c_time": "2019-07-31T09:50:35.192Z", "has_confirmed": true, "status": 0, "something": null}}, {"model": "web.user", "pk": 15, "fields": {"name": "\u8463\u4f73\u661f", "sex": "male", "email": "xadzdjx@163.com", "password": "5dce9c992e2bf789801bdfb02eb36bd06d2b88b8006d1bfb7b5f40f55db031ff", "birth": "2001-02-18", "qq": "2381885512", "phone": "13596932766", "self_introduction": "\u6765\u81ea\u677e\u539f\u7684\u897f\u7535\u840c\u65b0\uff0c\u559c\u6b22\u52a8\u6f2b\uff0c\u7ed8\u753b\uff0c\u7bee\u7403", "c_time": "2019-07-31T10:07:44.480Z", "has_confirmed": true, "status": 0, "something": null}}, {"model": "web.user", "pk": 16, "fields": {"name": "\u94b1\u8fb0\u6d9e", "sex": "male", "email": "1063847296@qq.com", "password": "3ecde0c717258dd5a55e446463a818794539136e6b28f3e19021f9260c6715c4", "birth": "2000-10-05", "qq": "1063847296", "phone": "18762607919", "self_introduction": "\u5a92\u4f53\u90e8\u7684", "c_time": "2019-07-31T10:29:28.482Z", "has_confirmed": true, "status": 0, "something": null}}, {"model": "web.user", "pk": 17, "fields": {"name": "Tian Xia", "sex": "male", "email": "1223102130@qq.com", "password": "a832a117556f7a803a7beb7f25baff2facbff95c9aef98687030956d26cb78aa", "birth": "1999-01-01", "qq": "1223102130", "phone": "18236928698", "self_introduction": "null", "c_time": "2019-07-31T13:08:20.511Z", "has_confirmed": true, "status": 0, "something": null}}, {"model": "web.user", "pk": 18, "fields": {"name": "\u6768\u6587\u660a", "sex": "male", "email": "18951742286@163.com", "password": "87a52b657589f1b098e5628064e5cee4c0165060b7e1794a511d9ab871a31b92", "birth": "1999-11-22", "qq": "1057302244", "phone": "18951742286", "self_introduction": "\u65b0\u4e00\u4efb\u6d3b\u52a8\u90e8\u9b54\u9b3c\u90e8\u957f\uff0c\u660e\u5e74\u5b89\u6392\u5c0f\u9e7f\u5973\u88c5", "c_time": "2019-07-31T15:00:28.584Z", "has_confirmed": true, "status": 0, "something": null}}, {"model": "web.user", "pk": 19, "fields": {"name": "KittenMelbourne(\u662f\u732b\u732b\u672c\u5440)", "sex": "male", "email": "teemomelbourne@hotmail.com", "password": "c5758bc11dce425d43f4fd655f1783b1405c0dda68658d4e5138d88249052767", "birth": "2000-05-15", "qq": "826645688", "phone": "13833941291", "self_introduction": "\ud83c\ude51", "c_time": "2019-07-31T15:05:36.891Z", "has_confirmed": true, "status": 0, "something": null}}, {"model": "web.user", "pk": 20, "fields": {"name": "\u8096\u6893\u701a", "sex": "male", "email": "2812707716@qq.com", "password": "4d7c685e33aabba46b1dca52bcb19f294118cc6e01546d9f4acff0eb7547d6dc", "birth": "2001-02-14", "qq": "2812707716", "phone": "18617960772", "self_introduction": "\u6211\u662f\u8096\u6893\u701a  \u6cb3\u5317\u77f3\u5bb6\u5e84\u4eba  \u7535\u4fe1\u4e2d\u6cd5\u73ed  \u5e0c\u671b\u4e86\u89e3\u4e00\u4e0b\u8d35\u4ff1\u4e50\u90e8", "c_time": "2019-07-31T23:48:49.397Z", "has_confirmed": true, "status": 0, "something": null}}, {"model": "web.user", "pk": 21, "fields": {"name": "\u9e7f\u5c0f\u9e7f", "sex": "male", "email": "actedeer@outlook.com", "password": "e0cf678eee29810b837cbb60d041912c87b0e5f0fa5aaa2c3d1b3c009cd031fa", "birth": "1998-07-04", "qq": "3353921183", "phone": "15129292400", "self_introduction": "\u8bf7\u52a1\u5fc5\u9ed1\u5e55\u6211", "c_time": "2019-08-01T01:38:21.625Z", "has_confirmed": true, "status": 0, "something": null}}, {"model": "web.user", "pk": 22, "fields": {"name": "\u8303\u6587\u540c", "sex": "male", "email": "915345432@qq.com", "password": "7bb1ab37837501e1587bd8fe49530bcc04355a0c13543f5e17a7f86a6de72cbf", "birth": "2000-07-19", "qq": "915345432", "phone": "18585540575", "self_introduction": "\u7eaf\u840c\u65b0", "c_time": "2019-08-01T03:42:46.796Z", "has_confirmed": true, "status": 0, "something": null}}, {"model": "web.user", "pk": 23, "fields": {"name": "\u5434\u5a55", "sex": "female", "email": "1910718614@qq.com", "password": "54147142ce2a9a317c4edba77fe643f5f0113ee3e1c82a5bdc6791f80478cb59", "birth": "2000-08-12", "qq": "1910718614", "phone": "17792710756", "self_introduction": "ywh\u7684\u6d4b\u8bd5\u53f7", "c_time": "2019-08-01T04:07:06.781Z", "has_confirmed": true, "status": 0, "something": null}}, {"model": "web.user", "pk": 24, "fields": {"name": "\u738b\u5b50\u5e0c", "sex": "female", "email": "prinscarce@outlook.com", "password": "a44d367276b13e5bda95c2e980e45d7d2bc61358a196f869612c054513f934e7", "birth": "2001-11-11", "qq": "1205321243", "phone": "18385214988", "self_introduction": "Never Settle", "c_time": "2019-08-01T06:15:37.562Z", "has_confirmed": true, "status": 0, "something": null}}, {"model": "web.user", "pk": 26, "fields": {"name": "\u674e\u7ecf\u7eac", "sex": "male", "email": "1428319077@qq.com", "password": "369e39d3c734193e1c8f9243aa1f1491bd6e57aecbc9bdc356cae2f692860c2b", "birth": "1997-04-23", "qq": "1428319077", "phone": "18681894015", "self_introduction": "\uff1f", "c_time": "2019-08-02T02:50:15.811Z", "has_confirmed": true, "status": 0, "something": null}}, {"model": "web.user", "pk": 27, "fields": {"name": "\u96f7\u9e23\u5b87", "sex": "male", "email": "steins.lei@outlook.com", "password": "86501a53aaf189da6f92b7caaf672efdea08ca5719d9519129c62716ddb48e53", "birth": "1999-05-28", "qq": "467371396", "phone": "17623584528", "self_introduction": "\u4e0d\u8fc7\u6211\u8fc7\u90fd\u716e\u4e86", "c_time": "2019-08-02T11:58:38.446Z", "has_confirmed": true, "status": 0, "something": null}}, {"model": "web.user", "pk": 28, "fields": {"name": "\u674e\u5b89\u5357", "sex": "male", "email": "576704367@qq.com", "password": "48a737aa1e143eef66e0d1e65492ee8c689864fa4a3604cd2b2e1b767b04145f", "birth": "2000-05-06", "qq": "576704367", "phone": "18991862289", "self_introduction": "...", "c_time": "2019-08-02T12:13:28.886Z", "has_confirmed": true, "status": 0, "something": null}}, {"model": "web.user", "pk": 29, "fields": {"name": "\u9648\u51cc\u704f", "sex": "male", "email": "Linghao_Chan@163.com", "password": "e0cf678eee29810b837cbb60d041912c87b0e5f0fa5aaa2c3d1b3c009cd031fa", "birth": "1999-01-01", "qq": "1071462237", "phone": "19805933663", "self_introduction": "la ji yi ge", "c_time": "2019-08-02T14:45:21.654Z", "has_confirmed": true, "status": 0, "something": null}}, {"model": "web.user", "pk": 30, "fields": {"name": "\u5f20\u607a", "sex": "male", "email": "zhangkai2001@outlook.com", "password": "8de3c14ad7e5345eeaf0fa38834f96adb625d2aad148c90293cb8f2731f33525", "birth": "2001-02-09", "qq": "1455523080", "phone": "18893023977", "self_introduction": "\u6b7b\u80a5\u5b85", "c_time": "2019-08-03T14:31:07.317Z", "has_confirmed": true, "status": 0, "something": null}}, {"model": "web.user", "pk": 31, "fields": {"name": "\u8bb8\u4f73\u4e0a", "sex": "male", "email": "3099681787@qq.com", "password": "c2a9bf281d4d97b2b4f5ef76e2184de2a6f8a9b3eb45de1fa85e65531acf6823", "birth": "2002-10-15", "qq": "3099681787", "phone": "15350785556", "self_introduction": "\u5728\u6210\u957f\u7684\u8def\u4e0a\u524d\u884c", "c_time": "2019-08-03T14:36:46.194Z", "has_confirmed": true, "status": 0, "something": null}}, {"model": "web.user", "pk": 32, "fields": {"name": "\u8c22\u94ed\u677e", "sex": "male", "email": "1277299575@qq.com", "password": "61f9c903d55d04962c731c25bf03ca3c6089331fe26ebf9ef0fcfd441a522538", "birth": "2001-08-16", "qq": "1277299575", "phone": "13315470595", "self_introduction": "\u65b0\u4eba\u4e00\u679a\uff0c\u8bf7\u591a\u6307\u6559", "c_time": "2019-08-03T14:56:09.166Z", "has_confirmed": true, "status": 0, "something": null}}, {"model": "web.user", "pk": 33, "fields": {"name": "\u738b\u662d\u541b", "sex": "female", "email": "lll20160707@outlook.com", "password": "a46bdc395cde758b5c3c4042b9a0a9026b8dd04f07b974b01d7f4cf2620509dd", "birth": "1999-01-01", "qq": "627059602", "phone": "15991983076", "self_introduction": "\u6545\u4e61\u7684\u6885\u82b1\u5f00\u4e86\u5417", "c_time": "2019-08-03T15:07:24.603Z", "has_confirmed": true, "status": 0, "something": null}}, {"model": "web.user", "pk": 35, "fields": {"name": "\u738b\u6e05", "sex": "male", "email": "1282046785@qq.com", "password": "bd308086e76fee399372a3c2551def8405f4ed453a736cb38882384e3ad83b25", "birth": "2001-01-16", "qq": "1282046785", "phone": "13367794201", "self_introduction": "\u52e4\u594b\u80fd\u62fc\u547d\uff0c\u4e56\u5de7\u5374\u611a\u62d9", "c_time": "2019-08-03T16:21:46.090Z", "has_confirmed": true, "status": 0, "something": null}}, {"model": "web.user", "pk": 36, "fields": {"name": "\u6768\u5609\u8c6a", "sex": "male", "email": "571256139@qq.com", "password": "bf33c4909cb723885cbe323ac28c1bfc99d938e1582c856231caac96dc5598a6", "birth": "2000-05-31", "qq": "571256139", "phone": "17648182531", "self_introduction": "\u6211\u770b\u770b\u9898\u957f\u5565\u6837", "c_time": "2019-08-04T04:10:07.719Z", "has_confirmed": true, "status": 0, "something": null}}, {"model": "web.user", "pk": 37, "fields": {"name": "\u5218\u82e1\u51c0", "sex": "female", "email": "1154416248@qq.com", "password": "50953ee801403d08fe2888e38502f2a9d9c6ba024f51059101529878d6b6984e", "birth": "2000-06-23", "qq": "1154416248", "phone": "17784117580", "self_introduction": "\u9177\u5c31\u5b8c\u4e8b\u513f", "c_time": "2019-08-04T06:20:43.150Z", "has_confirmed": true, "status": 0, "something": null}}, {"model": "web.user", "pk": 38, "fields": {"name": "\u66fe\u5e86\u741b", "sex": "male", "email": "905936591@qq.com", "password": "e4546694c93c371a8702f50c7f52a34a873c83665b446be045566b2a313b77dc", "birth": "2000-10-03", "qq": "905936591", "phone": "17535724121", "self_introduction": "\u4e00\u4e2a\u611f\u5174\u8da3\u7684\u4eba", "c_time": "2019-08-04T10:02:03.921Z", "has_confirmed": true, "status": 0, "something": null}}, {"model": "web.user", "pk": 39, "fields": {"name": "\u4f55\u5609\u4e50", "sex": "male", "email": "1156591256@qq.com", "password": "26018bb5cdda3987d6952291d7e96054a261843e4054f75cd321a63dbaa9cd3e", "birth": "2000-04-10", "qq": "1156591256", "phone": "17695259960", "self_introduction": "\u667a\u9662\u5c0f\u83dc\ud83d\udc14", "c_time": "2019-08-04T10:16:23.846Z", "has_confirmed": true, "status": 0, "something": null}}, {"model": "web.user", "pk": 40, "fields": {"name": "\u5f20\u51cc\u699b", "sex": "male", "email": "781574233@qq.com", "password": "f1296ad8830594119a1ebad7cebb1d88531bb4d0b48498819371a9786ffa9ae6", "birth": "2000-10-04", "qq": "781574233", "phone": "15336058175", "self_introduction": "\u2026\u2026\u4e0d\u600e\u4e48\u4f1a\u4ecb\u7ecd\u81ea\u5df1orz", "c_time": "2019-08-04T10:32:08.305Z", "has_confirmed": true, "status": 0, "something": null}}, {"model": "web.category", "pk": 1, "fields": {"name": "web"}}, {"model": "web.category", "pk": 2, "fields": {"name": "ACM"}}, {"model": "web.category", "pk": 3, "fields": {"name": "\u786c\u4ef6"}}, {"model": "web.category", "pk": 4, "fields": {"name": "\u79d1\u7814"}}, {"model": "web.category", "pk": 5, "fields": {"name": "\u5a92\u4f53\u90e8"}}, {"model": "web.category", "pk": 6, "fields": {"name": "\u6d3b\u52a8\u90e8"}}, {"model": "web.category", "pk": 8, "fields": {"name": "\u5e94\u7528\u6570\u5b66"}}, {"model": "web.category", "pk": 9, "fields": {"name": "Game"}}, {"model": "web.questions", "pk": 1, "fields": {"title": "\u8bf7\u8bbf\u95ee\u94fe\u63a5\u83b7\u53d6flag", "detail": "192.144.168.241/test.html\r\nPS:\u5e76\u4e0d\u662f\u8de8\u7ad9\u653b\u51fb&\u6587\u4ef6\u5305\u542b\uff0c\u6c42\u840c\u4f6c\u4eec\u5bf9\u670d\u52a1\u5668\u624b\u4e0b\u7559\u60c5", "author": "\u738b\u660a\u5f3a", "category": 1}}, {"model": "web.questions", "pk": 2, "fields": {"title": "\u3010POJ 1088\u3011 \u6ed1\u96ea", "detail": "Description  \r\n\r\nMichael\u559c\u6b22\u6ed1\u96ea\uff0c \u56e0\u4e3a\u6ed1\u96ea\u7684\u786e\u5f88\u523a\u6fc0\u3002\u6240\u4ee5\u4e3a\u4e86\u83b7\u5f97\u523a\u6fc0\uff0c\u6ed1\u7684\u533a\u57df\u5fc5\u987b\u5411\u4e0b\u503e\u659c\uff0c\u800c\u4e14\u5f53\u4f60\u6ed1\u5230\u5761\u5e95\uff0c\u4f60\u4e0d\u5f97\u4e0d\u518d\u6b21\u8d70\u4e0a\u5761\u6216\u8005\u7b49\u5f85\u5347\u964d\u673a\u6765\u8f7d\u4f60\u3002Michael\u60f3\u77e5\u9053\u8f7d\u4e00\u4e2a\u533a\u57df\u4e2d\u6700\u957f\u5e95\u6ed1\u5761\u3002\u533a\u57df\u7531\u4e00\u4e2a\u4e8c\u7ef4\u6570\u7ec4\u7ed9\u51fa\u3002\u6570\u7ec4\u7684\u6bcf\u4e2a\u6570\u5b57\u4ee3\u8868\u70b9\u7684\u9ad8\u5ea6\u3002\u4e0b\u9762\u662f\u4e00\u4e2a\u4f8b\u5b50\uff1a\r\n1       2    3   4   5\r\n16  17  18  19  6  \r\n15  24  25  20  7  \r\n14  23  22  21  8  \r\n13  12  11  10  9 \r\n \u4e00\u4e2a\u4eba\u53ef\u4ee5\u4ece\u67d0\u4e2a\u70b9\u6ed1\u5411\u4e0a\u4e0b\u5de6\u53f3\u76f8\u90bb\u56db\u4e2a\u70b9\u4e4b\u4e00\uff0c\u5f53\u4e14\u4ec5\u5f53\u9ad8\u5ea6\u51cf\u5c0f\u3002\u5728\u4e0a\u9762\u7684\u4f8b\u5b50\u4e2d\uff0c\u4e00\u6761\u53ef\u6ed1\u884c\u7684\u6ed1\u5761\u4e3a24-17-16-1\u3002\u5f53\u713625-24-23-...-3-2-1\u66f4\u957f\u3002\u4e8b\u5b9e\u4e0a\uff0c\u8fd9\u662f\u6700\u957f\u7684\u4e00\u6761\u3002 \r\n\r\nInput  \r\n\u8f93\u5165\u7684\u7b2c\u4e00\u884c\u8868\u793a\u533a\u57df\u7684\u884c\u6570R\u548c\u5217\u6570C(1 <= R,C <= 100)\u3002\u4e0b\u9762\u662fR\u884c\uff0c\u6bcf\u884c\u6709C\u4e2a\u6574\u6570\uff0c\u4ee3\u8868\u9ad8\u5ea6h\uff0c0<=h<=10000\u3002 \r\n\r\nOutput  \r\n\u8f93\u51fa\u6700\u957f\u533a\u57df\u7684\u957f\u5ea6\u3002 \r\n\r\nSample Input  \r\n5 5 1 2 3 4 5 16 17 18 19 6 15 24 25 20 7 14 23 22 21 8 13 12 11 10 9 \r\nSample Output  \r\n25", "author": null, "category": 2}}, {"model": "web.questions", "pk": 3, "fields": {"title": "\u786c\u4ef6\u7ec4\u57fa\u7840\u98981", "detail": "\u7528\u641c\u7d22\u5f15\u64ce\u641c\u7d22\u5e76\u6d4f\u89c8ADI\u3001TI\u3001NXP\u3001ST\u7b49\u7f51\u7ad9\uff0c\u5728\u5176\u4e2d\u4efb\u9009\u4e00\u4e2a\u8fd0\u7b97\u653e\u5927\u5668\u5e76\u9605\u8bfb\u5176\u6280\u672f\u6587\u6863\u3002\u8bf7\u5199\u51fa\u4f60\u9009\u62e9\u7684\u8fd0\u7b97\u653e\u5927\u5668\u578b\u53f7\uff0c\u8be5\u8fd0\u653e\u7684\u538b\u6446\u7387\u3001\u5171\u6a21\u6291\u5236\u6bd4\u3001\u8f93\u5165\u5931\u8c03\u7535\u6d41\u3001\u8f93\u5165\u5931\u8c03\u7535\u538b\u3001\u5dee\u6a21\u8f93\u5165\u963b\u6297\u7b49\u53c2\u6570\uff0c\u5e76\u89e3\u91ca\u8fd9\u4e9b\u53c2\u6570\u7684\u7269\u7406\u610f\u4e49\u3002", "author": "\u6731\u4e16\u5065", "category": 3}}, {"model": "web.questions", "pk": 4, "fields": {"title": "\u786c\u4ef6\u7ec4\u57fa\u7840\u98982", "detail": "\u8bf7\u901a\u8fc7\u641c\u7d22\u5f15\u64ce\u641c\u7d22\u578b\u53f7\u4e3aLMG3410R050\u7684GaN\u5668\u4ef6\uff0c\u5e76\u624b\u7ed8\u4e00\u4efd\u5176\u5185\u90e8\u529f\u80fd\u6846\u56fe,\u5b8c\u6210\u540e\u8bf7\u62cd\u7167\u53d1\u9001\u81f3\u90ae\u7bb1:summer200816@outlook.com(\u6ce8\u610f\u522b\u5fd8\u4e86\u586b\u4e2a\u4eba\u4fe1\u606f\u55f7(\uffe3\u25bd\uffe3)\")", "author": "\u590f\u5929", "category": 3}}, {"model": "web.questions", "pk": 5, "fields": {"title": "\uff08\u9762\u5411\u5927\u4f6c\uff09\uff1a\u5b9e\u73b0\u6e32\u67d3\u5668", "detail": "\u8bf7\u4f7f\u7528C++\u5b9e\u73b0\u4e00\u4e2a\u7b80\u5355\u7684\u573a\u666f\u6e32\u67d3\uff08\u5f88\u7b80\u5355\u5373\u53ef\uff0c\u65e0\u9700\u8fbe\u5230\u5eb7\u5948\u5c14\u76d2\u5b50\u7684\u590d\u6742\u5ea6\uff09\r\n\u9700\u8981\u5b9e\u73b0\u7684\u529f\u80fd\uff1a\r\n\u6297\u952f\u9f7f\r\n\u6f2b\u53cd\u5c04\u3001\u6298\u5c04\r\n\u6750\u8d28\uff1a\u975e\u900f\u660e\u3001\u900f\u660e\r\n\r\n\u6ce8\uff1a\u8bf7\u4e0d\u8981\u4f7f\u7528OpenGL\u6216\u8005\u5176\u5b83API\uff0c\u53ea\u4f7f\u7528C++\u81ea\u5e26\u7684\u5e93\u548c\u51fd\u6570", "author": "\u5de6\u8fb0\u5b87", "category": 4}}, {"model": "web.questions", "pk": 6, "fields": {"title": "\uff08\u9762\u5411\u840c\u65b0\uff09\uff1a\u4e86\u89e3\u7f16\u7a0b\u8bed\u8a00", "detail": "\u4f60\u662f\u5426\u81ea\u5b66\u4e86\u67d0\u4e00\u79cd\u7f16\u7a0b\u8bed\u8a00\uff1f\u5982\u679c\u8fd8\u6ca1\u6709\uff0c\u8bf7\u5148\u81ea\u5b66\u4e00\u79cd\u7f16\u7a0b\u8bed\u8a00\uff08\u5efa\u8bae\uff1aC\u3001C++\u3001Python\uff09\r\n\u8bf7\u4ecb\u7ecd\u4e00\u4e0b\u4f60\u662f\u5982\u4f55\u81ea\u5b66\u7f16\u7a0b\u8bed\u8a00\u7684\uff0c\u540c\u65f6\u9009\u62e9\u4f60\u8ba4\u4e3a\u8fd9\u4e00\u8bed\u8a00\u4e2d\u6bd4\u8f83\u56f0\u96be\u6216\u590d\u6742\u7684\u5185\u5bb9\uff0c\u6839\u636e\u81ea\u5df1\u7684\u7406\u89e3\u4ecb\u7ecd\u4e00\u4e0b", "author": "\u5de6\u8fb0\u5b87", "category": 4}}, {"model": "web.questions", "pk": 7, "fields": {"title": "\uff08\u5f00\u653e\u9898\u76ee\uff09\u5d4c\u5165\u5f0f\u76f8\u5173", "detail": "\u67e5\u9605\u76f8\u5173\u8d44\u6599\uff0c\u5bf9\u4e8eRISC\u548cCISC\uff0c\u8c08\u8c08\u4f60\u5bf9\u5b83\u4eec\u7684\u7279\u70b9\u548c\u4e0d\u540c\u7684\u7406\u89e3\u3002\r\n\u5728\u751f\u6d3b\u4e2d\u5b58\u5728\u7740\u8bb8\u591a\u4ee5\u5fae\u5904\u7406\u5668\u6216\u5355\u7247\u673a\u4e3a\u6838\u5fc3\u7684\u8ba1\u7b97\u673a\u7cfb\u7edf\uff08\u5982\u6d88\u8d39\u7535\u5b50\u3001\u533b\u7597\u7535\u5b50\u3001\u7cbe\u5bc6\u4eea\u8868\u7b49\u9886\u57df\uff09\uff0c\u8fd9\u79cd\u8ba1\u7b97\u673a\u7cfb\u7edf\u88ab\u79f0\u4e3a\u5d4c\u5165\u5f0f\u7cfb\u7edf\uff0c\u4f60\u8ba4\u4e3a\u8eab\u8fb9\u7684\u54ea\u4e9b\u7535\u5b50\u4ea7\u54c1\u662f\u5c5e\u4e8e\u5d4c\u5165\u5f0f\u7cfb\u7edf\uff0c\u8bf7\u627e\u51fa\u4e00\u6b3e\uff0c\u5e76\u5199\u51fa\u5b83\u4eec\u662f\u5982\u4f55\u5b9e\u73b0\u76f8\u5e94\u529f\u80fd\u7684\uff0c\u5199\u51fa\u601d\u8def\u5373\u53ef\u3002", "author": "\u6731\u4e16\u5065", "category": 3}}, {"model": "web.questions", "pk": 8, "fields": {"title": "\uff08\u9762\u5411\u840c\u65b0\uff09\uff1a\u6392\u5e8f\u7b97\u6cd5", "detail": "\u8bf7\u9009\u62e9\u4e00\u79cd\u8bed\u8a00\u5b9e\u73b0\u4ee5\u4e0b\u6392\u5e8f\u7b97\u6cd5\uff1a\r\n\u5192\u6ce1\u6392\u5e8f\r\n\u5f52\u5e76\u6392\u5e8f\r\n\u5e0c\u5c14\u6392\u5e8f", "author": "\u5de6\u8fb0\u5b87", "category": 4}}, {"model": "web.questions", "pk": 9, "fields": {"title": "\uff08\u9762\u5411\u5927\u4f6c\uff09\uff1a\u5b9e\u73b0AlexNet\u6a21\u578b", "detail": "\u8bf7\u4f7f\u7528Tensorflow\u5b9e\u73b0AlexNet\u5377\u79ef\u7f51\u7edc\u6a21\u578b", "author": "\u5de6\u8fb0\u5b87", "category": 4}}, {"model": "web.questions", "pk": 10, "fields": {"title": "\uff08\u9762\u5411\u840c\u65b0\uff09\uff1a\u6df1\u5ea6\u5b66\u4e60", "detail": "\u8bf7\u5b66\u4e60\u5434\u6069\u8fbe\u6df1\u5ea6\u5b66\u4e60\u8bfe\u7a0b\uff08Google\u548c\u767e\u5ea6\u4e0a\u90fd\u53ef\u4ee5\u627e\u5230\uff09\uff0c\u5e76\u5728\u6b64\u8bb0\u5f55\u81ea\u5df1\u7684\u5b66\u4e60\u8fdb\u5ea6\u548c\u6536\u83b7", "author": "\u5de6\u8fb0\u5b87", "category": 4}}, {"model": "web.questions", "pk": 12, "fields": {"title": "1.1\u3000\u516c\u4f17\u53f7\u7684\u6392\u7248", "detail": "\u516c\u4f17\u53f7\u7684\u6392\u7248\u662f\u5a92\u4f53\u90e8\u65e5\u5e38\u5de5\u4f5c\u4e2d\u5f88\u91cd\u8981\u7684\u4e00\u4e2a\u73af\u8282\u3002\u8bf7\u4e3a\u63a8\u6587\u201c\u897f\u7535MSC\u62db\u65b0\u7b2c\u4e00\u5f39\uff01\u201d\uff08\u5177\u4f53\u6587\u7ae0\u89c1\u62db\u65b0\u7fa4\u6587\u4ef6\uff09\u8fdb\u884c\u6392\u7248\uff0c\u5e76\u63d0\u4ea4\u6392\u7248\u622a\u56fe\u6216\u94fe\u63a5\uff08\u4f7f\u7528\u622a\u957f\u56fe\u7684\u65b9\u5f0f\uff0c\u6216\u662f\u7f16\u8f91\u5668\u81ea\u5e26\u7684\u5bfc\u51fa\u957f\u56fe\uff09\u3002\r\nhints\uff1a\t1. \u5e38\u7528\u7684\u516c\u4f17\u53f7\u7f16\u8f91\u8f6f\u4ef6\u6709\u79c0\u7c73\u3001135\u7f16\u8f91\u5668\u7b49\u3002\r\n\t\t2. \u5982\u6709\u9700\u8981\uff0c\u5b57\u4f53\u3001\u989c\u8272\u3001\u683c\u5f0f\u751a\u81f3\u5185\u5bb9\u90fd\u53ef\u4ee5\u6709\u9002\u5f53\u7684\u6539\u52a8\u3002\r\n\t\t3. \u914d\u56fe\u968f\u610f\uff0c\u53ef\u4ee5\u4ece\u7f51\u7edc\u4e0a\u5bfb\u627e\u8d44\u6e90\u3002\r\n\t\t4. \u53ef\u4ee5\u81ea\u5df1\u6ce8\u518c\u4e00\u4e2a\u516c\u4f17\u53f7\u6392\u7248\u8bd5\u8bd5\u624b\u5e76\u53d1\u9001\u94fe\u63a5\uff0c\u4e5f\u53ef\u4ee5\u4f7f\u7528\u7f16\u8f91\u5668\u6216\u624b\u673a\u7684\u622a\u957f\u56fe\u529f\u80fd\uff0c\u4f46\u5fc5\u987b\u662f\u624b\u673a\u4e0a\u770b\u5230\u7684\u89c6\u89d2\u54e6~\r\n\t\t5. \u5982\u679c\u4f60\u613f\u610f\u7684\u8bdd\uff0c\u53ef\u4ee5\u628a\u8fd9\u7bc7\u63a8\u6587\u4f7f\u7528b\u7ad9\u7684\u6392\u7248\u529f\u80fd\u6392\u4e00\u4e0b\uff0c\u6709\u989d\u5916\u52a0\u5206\u54e6\r\n\u7b54\u6848\u533a\u57df\uff1a\u76f4\u63a5\u53d1\u90ae\u4ef6\u7ed91063847296@qq.com\uff0c\u4e3b\u9898\u4e3a\u201c\u5a92\u4f53\u90e8\u798f\u5229\u98981_\u59d3\u540d\u201d", "author": "\u94b1\u8fb0\u6d9e", "category": 5}}, {"model": "web.questions", "pk": 13, "fields": {"title": "1.2\u3000\u5fae\u4fe1\u516c\u4f17\u53f7\u7684\u8fd0\u8425\u4e0e\u5ba3\u4f20", "detail": "\u5fae\u4fe1\u516c\u4f17\u53f7\u7684\u8fd0\u8425\u4e0e\u5ba3\u4f20\u4e5f\u662f\u5a92\u4f53\u90e8\u65e5\u5e38\u5de5\u4f5c\u4e2d\u5f88\u91cd\u8981\u7684\u4e00\u4e2a\u73af\u8282\u3002\u8bf7\u8bb2\u4e00\u4e0b\u8fd0\u8425\u5ba3\u4f20\u4ff1\u4e50\u90e8\u516c\u4f17\u53f7\u7684\u60f3\u6cd5\u53ed\uff01\r\n\u7b54\u6848\u533a\u57df\uff1a\u5728\u7f51\u7ad9\u4e0a\u7b54\u9898", "author": "\u94b1\u8fb0\u6d9e", "category": 5}}, {"model": "web.questions", "pk": 14, "fields": {"title": "2.1\u3000\u5982\u679c\u4f60\u662f\u6444\u5f71\u7231\u597d\u8005", "detail": "\u5982\u679c\u4f60\u662f\u6444\u5f71\u7231\u597d\u8005\uff0c\u8bf7\u63d0\u4ea4\u4e00\u5f20\u4f60\u8ba4\u4e3a\u6bd4\u8f83\u597d\u7684\u4f5c\u54c1\uff0c\u5982\u679c\u4f60\u6682\u65f6\u8eab\u8fb9\u6ca1\u6709\u7167\u7247\uff0c\u90a3\u4e48\u4e5f\u53ef\u4ee5\u4f7f\u7528\u7f51\u4e0a\u7684\u56fe\u7247\u6765\u8fdb\u884c\u540e\u671f\u52a0\u5de5\u3002\r\nhints\uff1a\t1. \u7167\u7247\u6210\u54c1\u548c\u539f\u56fe\u5fc5\u987b\u90fd\u8981\u63d0\u4ea4\u3002\r\n2. \u7167\u7247\u5927\u5c0f\u4e0d\u5f97\u5c0f\u4e8e3M\uff0c\u683c\u5f0f\u4e3aJPG\u3002\r\n3. \u7b80\u8981\u8bf4\u51fa\u8fd9\u5f20\u7167\u7247\u7684\u4f18\u70b9\u548c\u7f3a\u70b9\uff0c\u4ee5\u53ca\u540e\u671f\u5904\u7406\u65f6\u505a\u4e86\u54ea\u4e9b\u8c03\u6574\u3002\r\n\u7b54\u6848\u533a\u57df\uff1a\u8be5\u9898\u7684\u7b54\u6848\u76f4\u63a5\u53d1\u90ae\u4ef6\u7ed91936430592@qq.com\uff0c\u4e3b\u9898\u4e3a\u201c\u5a92\u4f53\u90e8\u798f\u5229\u98982_\u59d3\u540d\u201d", "author": "\u6768\u6dd1\u96ef", "category": 5}}, {"model": "web.questions", "pk": 15, "fields": {"title": "2.2\u3000\u5982\u679c\u4f60\u662fPhotoshop\u7231\u597d\u8005", "detail": "\u5982\u679c\u4f60\u662fPhotoshop\u7231\u597d\u8005\uff0c\u90a3\u4e48\u8bf7\u63d0\u4ea4\u4e00\u5f20\u4f60\u7684\u4f5c\u54c1\uff0c\u5e76\u7b80\u8981\u4ecb\u7ecd\u5176\u5236\u4f5c\u8fc7\u7a0b\u548c\u4f60\u7684\u521b\u4f5c\u610f\u56fe\uff0c\u6216\u8005\u4f60\u6709\u4ec0\u4e48\u597d\u7684\u6d77\u62a5\u5236\u4f5c\u6548\u679c\uff0c\u4e5f\u53ef\u4ee5\u5c55\u793a\u7ed9\u6211\u4eec\uff0c\u540c\u6837\u9700\u9644\u4e0a\u5236\u4f5c\u6210\u679c\u56fe\u3002\r\nhint\uff1a\t1. \u7167\u7247\u6216\u6d77\u62a5\u7684\u683c\u5f0f\u4e3aJPG\u3002\r\n\u7b54\u6848\u533a\u57df\uff1a\u8be5\u9898\u7684\u7b54\u6848\u76f4\u63a5\u53d1\u90ae\u4ef6\u7ed91936430592@qq.com\uff0c\u4e3b\u9898\u4e3a\u201c\u5a92\u4f53\u90e8\u798f\u5229\u98982_\u59d3\u540d\u201d", "author": "\u6768\u6dd1\u96ef", "category": 5}}, {"model": "web.questions", "pk": 16, "fields": {"title": "3\u3000 \u5982\u679c\u4f60\u662f\u89c6\u9891\u5236\u4f5c\u526a\u8f91\u7684\u80fd\u624b", "detail": "\u4f17\u6240\u5468\u77e5\uff0c\u62cd\u6444\u9ed1\u7167\u3001\u5236\u4f5c\u8868\u60c5\u5305\u662fMSC\u7684\u4f18\u826f\u4f20\u7edf\u3002\u4f5c\u4e3a\u638c\u63e1\u9ed1\u7167\u5927\u6743\u7684\u5a92\u4f53\u90e8\u4e5f\u5c31\u9700\u8981\u5236\u4f5c\u9ed1\u7167\u5408\u96c6\u89c6\u9891\u3002\u540c\u65f6\uff0c\u5728\u62db\u65b0\u7ed3\u675f\u7684\u7834\u51b0\u6d3b\u52a8\u4e0a\u4e5f\u4f1a\u6709\u89c6\u9891\u5236\u4f5c\u526a\u8f91\u3002\u5982\u679c\u4f60\u662f\u89c6\u9891\u5236\u4f5c\u526a\u8f91\u7684\u80fd\u624b\uff0c\u8bf7\u4f60\u63d0\u4ea4\u4f60\u7684\u526a\u8f91\u4f5c\u54c1\u7684\u94fe\u63a5\uff0c\u5e76\u7b80\u8981\u4ecb\u7ecd\u5176\u5236\u4f5c\u8fc7\u7a0b\u548c\u4f60\u7684\u521b\u4f5c\u610f\u56fe\u3002\r\nhints\uff1a\t1. \u53ef\u4ee5\u5c06\u89c6\u9891\u4e0a\u4f20\u81f3\u5404\u79cd\u89c6\u9891\u7f51\u7ad9\uff08b\u7ad9\u7b49\uff09\u6216\u662f\u4e0a\u4f20\u5230\u7f51\u76d8\uff08\u767e\u5ea6\u7f51\u76d8\u7b49\uff09\u3002\r\n2. \u89c6\u9891\u526a\u8f91\u5e38\u7528\u8f6f\u4ef6\uff1aPremiere\uff08Pr\uff09\u3001Final Cut Pro\u2026\u2026\r\n3. \u89c6\u9891\u65f6\u957f\u4e0d\u77ed\u4e8e1\u5206\u949f\u3002\r\n4. \u5185\u5bb9\u81ea\u5b9a\uff0c\u53ef\u4ee5\u662f\u7167\u7247\u7684\u5408\u96c6\uff0c\u4e5f\u53ef\u4ee5\u662f\u89c6\u9891\u7684\u6df7\u526a\u2026\u2026\r\n\u7b54\u6848\u533a\u57df\uff1a\u5728\u7f51\u7ad9\u4e0a\u7b54\u9898\uff0c\u9644\u4e0a\u4f60\u7684\u94fe\u63a5\u54e6~", "author": "\u94b1\u8fb0\u6d9e", "category": 5}}, {"model": "web.questions", "pk": 18, "fields": {"title": "\u9762\u5411\u840c\u65b0", "detail": "mosfet\u9884\u5939\u65ad\u539f\u56e0\uff0c\u53ca\u6709\u4ec0\u4e48\u5f71\u54cd\u4e4b\u7c7b\u7684\u3002\uff08\u53ef\u901a\u8fc7\u5404\u79cd\u6e20\u9053\u83b7\u53d6\u7b54\u6848\uff09", "author": "\u6c5f\u7acb\u5cf0", "category": 3}}, {"model": "web.questions", "pk": 19, "fields": {"title": "1.\u6211\u4eec\u8be5\u5982\u4f55\u786e\u5b9a\u4f60\u662f\u6211\u4eec\u7684\u4eba\u9009?", "detail": "\u8bf7\u7b80\u5355\u4ecb\u7ecd\u4f60\u81ea\u5df1\u5427\r\n\uff08\u636e\u8bf4\u8be6\u7ec6\u53ef\u4ee5\u514d\u4e00\u9762\uff09", "author": "\u6768\u6587\u660a", "category": 6}}, {"model": "web.questions", "pk": 20, "fields": {"title": "2.\u7096\u9e3d\u5b50\u95ee\u9898", "detail": "\u5495\u5495\u5495\u4e00\u76f4\u4ee5\u6765\u90fd\u662f\u4ee4\u6d3b\u52a8\u90e8\u5341\u5206\u4f24\u8111\u7b4b\u7684\u4e8b\u60c5\uff0c\u5982\u679c\u4f60\u52a0\u5165\u4e86\u6d3b\u52a8\u90e8\uff0c\u4f60\u5728\u7b56\u5212\u6d3b\u52a8\u4e2d\u4f1a\u626e\u6f14\u600e\u6837\u7684\u89d2\u8272\u3002\u5982\u4f55\u89e3\u51b3\u4e00\u5806\u9e3d\u5b50\u5495\u5495\u5495\uff1f", "author": "\u6768\u6587\u660a", "category": 6}}, {"model": "web.questions", "pk": 21, "fields": {"title": "3.\u83ab\u540d\u5176\u5999\u7684\u4ea4\u9645\u9898", "detail": "\u9b54\u9b3c\u7531\u4e8e\u71ac\u591c\u809d\u65b9\u821f\uff0c\u7b2c\u4e8c\u5929\u4e0a\u73ed\u795e\u667a\u4e0d\u6e05\u3002\u5c062w\u7684\u7b14\u8bb0\u672c\u7535\u8111\u4ee51.2w\u5356\u7ed9\u4e86\u5c0f\u9e7f\uff0c\u8bf7\u95ee\u9b54\u9b3c\u8be5\u5982\u4f55\u64cd\u4f5c\u624d\u80fd\u8bd5\u56fe\u627e\u56de\u5dee\u4ef7", "author": "\u6768\u6587\u660a", "category": 6}}, {"model": "web.questions", "pk": 22, "fields": {"title": "4.\u5403\u5403\u5403\uff08\u4ff1\u4e50\u90e8\u6838\u5fc3\u95ee\u9898\uff09", "detail": "\u897f\u7535\u5fae\u8f6f\u4ff1\u4e50\u90e8MSC\u53c8\u79f0\u897f\u7535\u7f8e\u98df\u57ce\uff0c\u5982\u679c\u4f60\u52a0\u5165\u6d3b\u52a8\u90e8\uff0c\u8ba9\u4f60\u7ec4\u7ec7\u4e00\u6b21\u96c6\u4f53\u6d3b\u52a8\uff0c\u90a3\u4e48\u95ee\u9898\u6765\u4e86\uff0c\u4ec0\u4e48\u6837\u7684\u7f8e\u98df\u9002\u5408\u8fd9\u4e48\u591a\u4eba\u5206\u4eab\uff1f", "author": "\u6768\u6587\u660a", "category": 6}}, {"model": "web.questions", "pk": 23, "fields": {"title": "5.MSC\u4ff1\u4e50\u90e8\u6691\u5047\u5b9e\u8df5\uff08\u786c\u6838\u9898\u76ee\uff09", "detail": "MSC\u8d74\u4e0a\u6d77\u6691\u671f\u5b9e\u8df5\uff0c\u9884\u8ba1\u884c\u7a0b\u7684\u56fe\u7247\u8bf7\u5728\u767e\u5ea6\u7f51\u76d8\u63d0\u53d6yo~\uff1ahttps://pan.baidu.com/s/1BucX9N0G-lcMndU5YRVDZA\r\n\r\n(1\uff09\u5353\u5353\u548c\u732b\u672c\u90fd\u975e\u5e38\u60f3\u53bb\u4e0a\u6d77\u54d4\u54e9\u54d4\u54e9\u516c\u53f8\u53c2\u89c2\uff0c\u4f5c\u4e3a\u6821\u7ea7\u7ec4\u7ec7\u4ee3\u8868\uff0c\u4f60\u901a\u8fc7\u4f55\u79cd\u9014\u5f84\u624d\u80fd\u8fbe\u6210\u53c2\u89c2\u76ee\u7684\uff0c\u4f60\u89c9\u5f97\u65e5\u671f\u662f\u54ea\u5929\u6bd4\u8f83\u5408\u9002\u5462? \r\n(2\uff09\u5546\u6c64\u3001\u4e91\u4ece\u3001 \u65f7\u89c6\u3001\u4f9d\u56fe\u662f\u5f53\u4eca\u4eba\u5de5\u667a\u80fd\u9886\u57df\u65b9\u9762\u7684\u56db\u5c0f\u9f99\uff0c\u4f60\u5bf9\u5b83\u4eec\u6709\u4ec0\u4e48\u4e86\u89e3?\u5982\u679c\u4f60\u53bb\u5176\u4e2d\u4e00\u5bb6\u516c\u53f8\u5b9e\u4e60\uff0c\u4f60\u66f4\u503e\u5411\u4e8e\u8c01\uff0c\u4e3a\u4ec0\u4e48? \r\n(3\uff09\u5353\u5353\u5fae\u8f6f\u5403\u5de5\u4f5c\u9910\u65f6\u5361\u4e86\u9c7c\u523a\uff0c\u4f60\u5c06\u5982\u4f55\u5904\u7406\u8fd9\u6837\u7684\u7a81\u53d1\u5b89\u5168\u95ee\u9898\uff1f", "author": "\u6768\u6587\u660a", "category": 6}}, {"model": "web.questions", "pk": 24, "fields": {"title": "6.\u8111\u7b4b\u6025\u8f6c\u5f2f", "detail": "\uff081\uff09\u6709\u4e24\u4e2a\u4eba\uff0c\u4e00\u4e2a\u4eba\u8138\u671d\u4e1c\u3001\u4e00\u4e2a\u4eba\u8138\u671d\u897f\u5730\u7ad9\u7740\u3002\u4e0d\u51c6\u8d70\u52a8\uff0c\u4e0d\u51c6\u7167\u955c\u5b50\uff0c\u600e\u6837\u624d\u80fd\u770b\u89c1\u5bf9\u65b9\u7684\u8138\uff1f  \r\n\uff082\uff09\u8bf7\u5410\u69fd\u4e00\u4e0b\u8fd9\u5957\u9898\u3002", "author": "\u6768\u6587\u660a", "category": 6}}, {"model": "web.questions", "pk": 25, "fields": {"title": "\u6570\u5b66\u5efa\u6a21", "detail": "\u8bf7\u501f\u52a9\u641c\u7d22\u5f15\u64ce\uff0c\u4e86\u89e3\u6570\u5b66\u5efa\u6a21\uff08Mathematical Modeling\uff09\uff0c\u5e76\u6839\u636e\u4f60\u7684\u7406\u89e3\uff0c\u601d\u8003\r\n1. What is mathematical modeling?\r\n2. Why mathematical modeling?\r\n3. How to use mathematical modeling?", "author": "\u590f\u6d69\u6587", "category": 8}}, {"model": "web.questions", "pk": 26, "fields": {"title": "\u5b9e\u7528\u5de5\u5177", "detail": "MATLAB\uff08\u77e9\u9635\u5b9e\u9a8c\u5ba4\uff09\u662f\u4e00\u6b3e\u529f\u80fd\u5f3a\u5927\u3001\u7b80\u5355\u6613\u7528\u7684\u79d1\u5b66\u8ba1\u7b97\u8f6f\u4ef6\uff0c\u4e30\u5bcc\u7684 toolbox\uff08\u5de5\u5177\u7bb1\uff09\u4f7f\u5b83\u6210\u4e3a\u7edf\u8ba1\u4e0e\u4f18\u5316\u3001\u4fe1\u53f7\u901a\u4fe1\u4e0e\u5904\u7406\u3001\u673a\u5668\u5b66\u4e60\u7b49\u8bf8\u591a\u9886\u57df\u7684\u5f3a\u529b\u5de5\u5177\uff0c\u5434\u6069\u8fbe\u5728 Machine Learning \u8bfe\u7a0b\u4e2d\u4e5f\u63a8\u8350\u4f7f\u7528 MATLAB \u8fdb\u884c\u5b66\u4e60\u3002\r\n\u8bf7\r\n1. \u5c1d\u8bd5\u4f7f\u7528 MATLAB \u4f5c\u51fa\u4efb\u610f\u5e38\u51fd\u6570\u3001\u5e42\u51fd\u6570\u3001\u6307\u6570\u51fd\u6570\u3001\u5bf9\u6570\u51fd\u6570\u3001\u4e09\u89d2\u51fd\u6570\u548c\u53cd\u4e09\u89d2\u51fd\u6570\u7684\u56fe\u50cf\r\n2. \u5c1d\u8bd5\u4f7f\u7528 MATLAB \u5b9e\u73b0\u4e00\u5143\u7ebf\u6027\u56de\u5f52\r\n3. \u5c1d\u8bd5\u4f7f\u7528\u795e\u7ecf\u7f51\u7edc\u5de5\u5177\u7bb1\r\n\u5e76\u5c061\u548c2\u7684\u4ee3\u7801\u7c98\u8d34\u5230\u4e0b\u65b9\u6587\u672c\u6846\u4e2d\r\n\r\np.s. \u8bf7\u5728\u7535\u8111\u4e2d\u4fdd\u7559\u6e90\u4ee3\u7801\u6587\u4ef6", "author": "\u590f\u6d69\u6587", "category": 8}}, {"model": "web.questions", "pk": 27, "fields": {"title": "\u3010POJ 1321\u3011\u68cb\u76d8\u95ee\u9898", "detail": "Description\r\n\r\n\u5728\u4e00\u4e2a\u7ed9\u5b9a\u5f62\u72b6\u7684\u68cb\u76d8\uff08\u5f62\u72b6\u53ef\u80fd\u662f\u4e0d\u89c4\u5219\u7684\uff09\u4e0a\u9762\u6446\u653e\u68cb\u5b50\uff0c\u68cb\u5b50\u6ca1\u6709\u533a\u522b\u3002\u8981\u6c42\u6446\u653e\u65f6\u4efb\u610f\u7684\u4e24\u4e2a\u68cb\u5b50\u4e0d\u80fd\u653e\u5728\u68cb\u76d8\u4e2d\u7684\u540c\u4e00\u884c\u6216\u8005\u540c\u4e00\u5217\uff0c\u8bf7\u7f16\u7a0b\u6c42\u89e3\u5bf9\u4e8e\u7ed9\u5b9a\u5f62\u72b6\u548c\u5927\u5c0f\u7684\u68cb\u76d8\uff0c\u6446\u653ek\u4e2a\u68cb\u5b50\u7684\u6240\u6709\u53ef\u884c\u7684\u6446\u653e\u65b9\u6848C\u3002\r\nInput\r\n\r\n\u8f93\u5165\u542b\u6709\u591a\u7ec4\u6d4b\u8bd5\u6570\u636e\u3002 \r\n\u6bcf\u7ec4\u6570\u636e\u7684\u7b2c\u4e00\u884c\u662f\u4e24\u4e2a\u6b63\u6574\u6570\uff0cn k\uff0c\u7528\u4e00\u4e2a\u7a7a\u683c\u9694\u5f00\uff0c\u8868\u793a\u4e86\u5c06\u5728\u4e00\u4e2an*n\u7684\u77e9\u9635\u5185\u63cf\u8ff0\u68cb\u76d8\uff0c\u4ee5\u53ca\u6446\u653e\u68cb\u5b50\u7684\u6570\u76ee\u3002 n <= 8 , k <= n \r\n\u5f53\u4e3a-1 -1\u65f6\u8868\u793a\u8f93\u5165\u7ed3\u675f\u3002 \r\n\u968f\u540e\u7684n\u884c\u63cf\u8ff0\u4e86\u68cb\u76d8\u7684\u5f62\u72b6\uff1a\u6bcf\u884c\u6709n\u4e2a\u5b57\u7b26\uff0c\u5176\u4e2d # \u8868\u793a\u68cb\u76d8\u533a\u57df\uff0c . \u8868\u793a\u7a7a\u767d\u533a\u57df\uff08\u6570\u636e\u4fdd\u8bc1\u4e0d\u51fa\u73b0\u591a\u4f59\u7684\u7a7a\u767d\u884c\u6216\u8005\u7a7a\u767d\u5217\uff09\u3002\r\n \r\nOutput\r\n\r\n\u5bf9\u4e8e\u6bcf\u4e00\u7ec4\u6570\u636e\uff0c\u7ed9\u51fa\u4e00\u884c\u8f93\u51fa\uff0c\u8f93\u51fa\u6446\u653e\u7684\u65b9\u6848\u6570\u76eeC \uff08\u6570\u636e\u4fdd\u8bc1C<2^31\uff09\u3002\r\nSample Input\r\n\r\n2 1\r\n#.\r\n.#\r\n4 4\r\n...#\r\n..#.\r\n.#..\r\n#...\r\n-1 -1\r\nSample Output\r\n\r\n2\r\n1", "author": "\u9ec4\u777f\u4e4b", "category": 2}}, {"model": "web.questions", "pk": 29, "fields": {"title": "\u3010luogu P1119\u3011\u707e\u540e\u91cd\u5efa", "detail": "\u9898\u76ee\u80cc\u666f\r\nBB\u5730\u533a\u5728\u5730\u9707\u8fc7\u540e\uff0c\u6240\u6709\u6751\u5e84\u90fd\u9020\u6210\u4e86\u4e00\u5b9a\u7684\u635f\u6bc1\uff0c\u800c\u8fd9\u573a\u5730\u9707\u5374\u6ca1\u5bf9\u516c\u8def\u9020\u6210\u4ec0\u4e48\u5f71\u54cd\u3002\u4f46\u662f\u5728\u6751\u5e84\u91cd\u5efa\u597d\u4e4b\u524d\uff0c\u6240\u6709\u4e0e\u672a\u91cd\u5efa\u5b8c\u6210\u7684\u6751\u5e84\u7684\u516c\u8def\u5747\u65e0\u6cd5\u901a\u8f66\u3002\u6362\u53e5\u8bdd\u8bf4\uff0c\u53ea\u6709\u8fde\u63a5\u7740\u4e24\u4e2a\u91cd\u5efa\u5b8c\u6210\u7684\u6751\u5e84\u7684\u516c\u8def\u624d\u80fd\u901a\u8f66\uff0c\u53ea\u80fd\u5230\u8fbe\u91cd\u5efa\u5b8c\u6210\u7684\u6751\u5e84\u3002\r\n\r\n\u9898\u76ee\u63cf\u8ff0\r\n\r\n\u7ed9\u51faBB\u5730\u533a\u7684\u6751\u5e84\u6570N\uff0c\u6751\u5e84\u7f16\u53f7\u4ece00\u5230N\u22121\uff0c\u548c\u6240\u6709M\u6761\u516c\u8def\u7684\u957f\u5ea6\uff0c\u516c\u8def\u662f\u53cc\u5411\u7684\u3002\u5e76\u7ed9\u51fa\u7b2ci\u4e2a\u6751\u5e84\u91cd\u5efa\u5b8c\u6210\u7684\u65f6\u95f4t_i \uff0c\u4f60\u53ef\u4ee5\u8ba4\u4e3a\u662f\u540c\u65f6\u5f00\u59cb\u91cd\u5efa\u5e76\u5728\u7b2ct_i\u5929\u91cd\u5efa\u5b8c\u6210\uff0c\u5e76\u4e14\u5728\u5f53\u5929\u5373\u53ef\u901a\u8f66\u3002\u82e5t_i \u4e3a00\u5219\u8bf4\u660e\u5730\u9707\u672a\u5bf9\u6b64\u5730\u533a\u9020\u6210\u635f\u574f\uff0c\u4e00\u5f00\u59cb\u5c31\u53ef\u4ee5\u901a\u8f66\u3002\u4e4b\u540e\u6709QQ\u4e2a\u8be2\u95ee(x, y, t)\uff0c\u5bf9\u4e8e\u6bcf\u4e2a\u8be2\u95ee\u4f60\u8981\u56de\u7b54\u5728\u7b2ct\u5929\uff0c\u4ece\u6751\u5e84x\u5230\u6751\u5e84y\u7684\u6700\u77ed\u8def\u5f84\u957f\u5ea6\u4e3a\u591a\u5c11\u3002\u5982\u679c\u65e0\u6cd5\u627e\u5230\u4ecex\u6751\u5e84\u5230y\u6751\u5e84\u7684\u8def\u5f84\uff0c\u7ecf\u8fc7\u82e5\u5e72\u4e2a\u5df2\u91cd\u5efa\u5b8c\u6210\u7684\u6751\u5e84\uff0c\u6216\u8005\u6751\u5e84x\u6216\u6751\u5e84y\u5728\u7b2ct\u5929\u4ecd\u672a\u91cd\u5efa\u5b8c\u6210 \uff0c\u5219\u9700\u8981\u8fd4\u56de-1\u3002\r\n\r\n\u8f93\u5165\u683c\u5f0f\r\n\u7b2c\u4e00\u884c\u5305\u542b\u4e24\u4e2a\u6b63\u6574\u6570N,M\u8868\u793a\u4e86\u6751\u5e84\u7684\u6570\u76ee\u4e0e\u516c\u8def\u7684\u6570\u91cf\u3002\r\n\r\n\u7b2c\u4e8c\u884c\u5305\u542bN\u4e2a\u975e\u8d1f\u6574\u6570t_0, t_1,\u2026, t_\uff08N-1\uff09 \uff0c\u8868\u793a\u4e86\u6bcf\u4e2a\u6751\u5e84\u91cd\u5efa\u5b8c\u6210\u7684\u65f6\u95f4\uff0c\u6570\u636e\u4fdd\u8bc1\u4e86t_0 \u2264 t_1 \u2264 \u2026 \u2264 t_{N-1} \u3002\r\n\r\n\u63a5\u4e0b\u6765M\u884c\uff0c\u6bcf\u884c3\u4e2a\u975e\u8d1f\u6574\u6570i, j, w,w\u4e3a\u4e0d\u8d85\u8fc710000\u7684\u6b63\u6574\u6570\uff0c\u8868\u793a\u4e86\u6709\u4e00\u6761\u8fde\u63a5\u6751\u5e84i\u4e0e\u6751\u5e84j\u7684\u9053\u8def\uff0c\u957f\u5ea6\u4e3aw\uff0c\u4fdd\u8bc1i\u2260j\uff0c\u4e14\u5bf9\u4e8e\u4efb\u610f\u4e00\u5bf9\u6751\u5e84\u53ea\u4f1a\u5b58\u5728\u4e00\u6761\u9053\u8def\u3002\r\n\r\n\u63a5\u4e0b\u6765\u4e00\u884c\u4e5f\u5c31\u662fM+3\u884c\u5305\u542b\u4e00\u4e2a\u6b63\u6574\u6570QQ\uff0c\u8868\u793aQ\u4e2a\u8be2\u95ee\u3002\r\n\r\n\u63a5\u4e0b\u6765Q\u884c\uff0c\u6bcf\u884c3\u4e2a\u975e\u8d1f\u6574\u6570x, y, t\u8be2\u95ee\u5728\u7b2ct\u5929\uff0c\u4ece\u6751\u5e84x\u5230\u6751\u5e84y\u7684\u6700\u77ed\u8def\u5f84\u957f\u5ea6\u4e3a\u591a\u5c11\uff0c\u6570\u636e\u4fdd\u8bc1\u4e86t\u662f\u4e0d\u4e0b\u964d\u7684\u3002\r\n\r\n\u8f93\u51fa\u683c\u5f0f\r\n\u5171Q\u884c\uff0c\u5bf9\u6bcf\u4e00\u4e2a\u8be2\u95ee(x, y, t)\u8f93\u51fa\u5bf9\u5e94\u7684\u7b54\u6848\uff0c\u5373\u5728\u7b2ct\u5929\uff0c\u4ece\u6751\u5e84x\u5230\u6751\u5e84y\u7684\u6700\u77ed\u8def\u5f84\u957f\u5ea6\u4e3a\u591a\u5c11\u3002\u5982\u679c\u5728\u7b2ct\u5929\u65e0\u6cd5\u627e\u5230\u4ecex\u6751\u5e84\u5230y\u6751\u5e84\u7684\u8def\u5f84\uff0c\u7ecf\u8fc7\u82e5\u5e72\u4e2a\u5df2\u91cd\u5efa\u5b8c\u6210\u7684\u6751\u5e84\uff0c\u6216\u8005\u6751\u5e84x\u6216\u6751\u5e84y\u5728\u7b2ct\u5929\u4ecd\u672a\u4fee\u590d\u5b8c\u6210\uff0c\u5219\u8f93\u51fa-1\u3002\r\n\r\n\u8f93\u5165\u8f93\u51fa\u6837\u4f8b\r\n\u8f93\u5165 #1 \r\n4 5\r\n1 2 3 4\r\n0 2 1\r\n2 3 1\r\n3 1 2\r\n2 1 4\r\n0 3 5\r\n4\r\n2 0 2\r\n0 1 2\r\n0 1 3\r\n0 1 4\r\n\u8f93\u51fa #1 \r\n-1\r\n-1\r\n5\r\n4\r\n\u8bf4\u660e/\u63d0\u793a\r\n\u5bf9\u4e8e100%\u7684\u6570\u636e\uff0c\u6709N\u2264200,M\u2264N\u00d7(N\u22121/2\uff0cQ\u226450000\uff0c\u6240\u6709\u8f93\u5165\u6570\u636e\u6d89\u53ca\u6574\u6570\u5747\u4e0d\u8d85\u8fc7100000", "author": "\u9ec4\u777f\u4e4b", "category": 2}}, {"model": "web.questions", "pk": 30, "fields": {"title": "\u3010luogu P1908\u3011\u9006\u5e8f\u5bf9", "detail": "\u9898\u76ee\u63cf\u8ff0\r\n\u732b\u732bTOM\u548c\u5c0f\u8001\u9f20JERRY\u6700\u8fd1\u53c8\u8f83\u91cf\u4e0a\u4e86\uff0c\u4f46\u662f\u6bd5\u7adf\u90fd\u662f\u6210\u5e74\u4eba\uff0c\u4ed6\u4eec\u5df2\u7ecf\u4e0d\u559c\u6b22\u518d\u73a9\u90a3\u79cd\u4f60\u8ffd\u6211\u8d76\u7684\u6e38\u620f\uff0c\u73b0\u5728\u4ed6\u4eec\u559c\u6b22\u73a9\u7edf\u8ba1\u3002\u6700\u8fd1\uff0cTOM\u8001\u732b\u67e5\u9605\u5230\u4e00\u4e2a\u4eba\u7c7b\u79f0\u4e4b\u4e3a\u201c\u9006\u5e8f\u5bf9\u201d\u7684\u4e1c\u897f\uff0c\u8fd9\u4e1c\u897f\u662f\u8fd9\u6837\u5b9a\u4e49\u7684\uff1a\u5bf9\u4e8e\u7ed9\u5b9a\u7684\u4e00\u6bb5\u6b63\u6574\u6570\u5e8f\u5217\uff0c\u9006\u5e8f\u5bf9\u5c31\u662f\u5e8f\u5217\u4e2dai>aj\u4e14i<j\u7684\u6709\u5e8f\u5bf9\u3002\u77e5\u9053\u8fd9\u6982\u5ff5\u540e\uff0c\u4ed6\u4eec\u5c31\u6bd4\u8d5b\u8c01\u5148\u7b97\u51fa\u7ed9\u5b9a\u7684\u4e00\u6bb5\u6b63\u6574\u6570\u5e8f\u5217\u4e2d\u9006\u5e8f\u5bf9\u7684\u6570\u76ee\u3002\r\n\r\n\u8f93\u5165\u683c\u5f0f\r\n\u7b2c\u4e00\u884c\uff0c\u4e00\u4e2a\u6570n\uff0c\u8868\u793a\u5e8f\u5217\u4e2d\u6709n\u4e2a\u6570\u3002\r\n\r\n\u7b2c\u4e8c\u884cn\u4e2a\u6570\uff0c\u8868\u793a\u7ed9\u5b9a\u7684\u5e8f\u5217\u3002\u5e8f\u5217\u4e2d\u6bcf\u4e2a\u6570\u5b57\u4e0d\u8d85\u8fc710^9\r\n \r\n\u8f93\u51fa\u683c\u5f0f\r\n\u7ed9\u5b9a\u5e8f\u5217\u4e2d\u9006\u5e8f\u5bf9\u7684\u6570\u76ee\u3002\r\n\r\n\u8f93\u5165\u8f93\u51fa\u6837\u4f8b\r\n\u8f93\u5165 #1 \r\n6\r\n5 4 2 6 3 1\r\n\u8f93\u51fa #1 \r\n11\r\n\u8bf4\u660e/\u63d0\u793a\r\n\u5bf9\u4e8e\u6240\u6709\u6570\u636e\uff0cn<=5*10^5\r\n\u8bf7\u4f7f\u7528\u8f83\u5feb\u7684\u8f93\u5165\u8f93\u51fa", "author": "\u9ec4\u777f\u4e4b", "category": 2}}, {"model": "web.questions", "pk": 31, "fields": {"title": "\u8fd9\u9644\u8fd1\u6709\u4e00\u4e2aflag", "detail": "\u771f\u7684\uff01\u5b83\u5c31\u5728\u8fd9\u9644\u8fd1\uff0c\u4f60\u770b\u5230\u4e86\u5417\uff1f", "author": "\u5e9e\u4e49\u4eba", "category": 1}}, {"model": "web.questions", "pk": 32, "fields": {"title": "\u6253\u5f00\u94fe\u63a5\u83b7\u53d6flag", "detail": "https://www.xdmsc.club/web4/", "author": "\u5e9e\u4e49\u4eba", "category": 1}}, {"model": "web.questions", "pk": 33, "fields": {"title": "SNI", "detail": "https://47.100.114.21", "author": "\u5f20\u68ee\u6cfd", "category": 1}}, {"model": "web.questions", "pk": 34, "fields": {"title": "\u4f60\u771f\u7684\u61c2\u6e38\u620f\u5417\uff1f", "detail": "\u5728MOBA(Multiplayer Online Battle Arena)/\u7c7bDotA\u6e38\u620f\u4e2d\uff0c\u9632\u5fa1\u5854\u662f\u4e00\u4e2a\u91cd\u8981\u7684\u6838\u5fc3\u673a\u5236\u3002\u6709\u4eba\u8ba4\u4e3a\uff0c\u5b83\u53ef\u4ee5\u6709\u6548\u5730\u5e73\u8861\u73a9\u5bb6\u4e4b\u95f4\u7684\u5b9e\u529b\u5dee\u8ddd\uff0c\u51cf\u5c11\u56e0\u73a9\u5bb6\u6280\u672f\u6c34\u5e73\u5dee\u8ddd\u800c\u5bfc\u81f4\u7684\u4e0d\u5e73\u7b49\u6027\u3002\u8bf7\u7b80\u8981\u5206\u6790\u8be5\u673a\u5236\u3002", "author": "\u674e\u5b89\u5357", "category": 9}}, {"model": "web.questions", "pk": 35, "fields": {"title": "\u7ecf\u5178\u7684\u516b\u7687\u540e", "detail": "\u4f20\u9001\u95e8\uff1ahttps://www.luogu.org/problem/P1219\r\n\u9898\u76ee\u63cf\u8ff0\r\n\u68c0\u67e5\u4e00\u4e2aN x N\u7684\u56fd\u9645\u8c61\u68cb\u68cb\u76d8\uff0c\u6709N\u4e2a\u68cb\u5b50\u88ab\u653e\u7f6e\u5728\u68cb\u76d8\u4e0a\uff0c\u4f7f\u5f97\u6bcf\u884c\u3001\u6bcf\u5217\u6709\u4e14\u53ea\u6709\u4e00\u4e2a\uff0c\u6bcf\u6761\u5bf9\u89d2\u7ebf(\u5305\u62ec\u4e24\u6761\u4e3b\u5bf9\u89d2\u7ebf\u7684\u6240\u6709\u5e73\u884c\u7ebf)\u4e0a\u81f3\u591a\u6709\u4e00\u4e2a\u68cb\u5b50\u3002\r\n\u4f8b\u5982\uff1a6 x 6\u7684\u56fd\u9645\u8c61\u68cb\u68cb\u76d8\u53ef\u4ee5\u7528\u5e8f\u52172 4 6 1 3 5\u6765\u63cf\u8ff0\uff0c\u7b2ci\u4e2a\u6570\u5b57\u8868\u793a\u5728\u7b2ci\u884c\u7684\u76f8\u5e94\u4f4d\u7f6e\u6709\u4e00\u4e2a\u68cb\u5b50\uff0c\u4f8b\u5982\uff1a\u7b2c\u4e00\u4e2a\u6570\u5b572 \u8868\u793a\u5728\u7b2c\u4e00\u884c\u7684\u7b2c\u4e8c\u5217\u6709\u4e00\u4e2a\u68cb\u5b50\u3002\r\n\r\n\u8fd9\u53ea\u662f\u68cb\u5b50\u653e\u7f6e\u7684\u4e00\u4e2a\u89e3\u3002\u8bf7\u7f16\u4e00\u4e2a\u7a0b\u5e8f\u627e\u51fa\u6240\u6709\u68cb\u5b50\u653e\u7f6e\u7684\u89e3\u3002\u5e76\u628a\u5b83\u4eec\u4ee5\u4e0a\u9762\u7684\u5e8f\u5217\u65b9\u6cd5\u8f93\u51fa\u3002\u89e3\u6309\u5b57\u5178\u987a\u5e8f\u6392\u5217\u3002\u8bf7\u8f93\u51fa\u524d3\u4e2a\u89e3\u3002\u6700\u540e\u4e00\u884c\u662f\u89e3\u7684\u603b\u4e2a\u6570\u3002\r\n\r\n\u8f93\u5165\u683c\u5f0f\r\n\u4e00\u4e2a\u6570\u5b57N (6 <= N <= 13) \u8868\u793a\u68cb\u76d8\u662fN x N\u5927\u5c0f\u7684\u3002\r\n\r\n\u8f93\u51fa\u683c\u5f0f\r\n\u524d\u4e09\u884c\u4e3a\u524d\u4e09\u4e2a\u89e3\uff0c\u6bcf\u4e2a\u89e3\u7684\u4e24\u4e2a\u6570\u5b57\u4e4b\u95f4\u7528\u4e00\u4e2a\u7a7a\u683c\u9694\u5f00\u3002\u7b2c\u56db\u884c\u53ea\u6709\u4e00\u4e2a\u6570\u5b57\uff0c\u8868\u793a\u89e3\u7684\u603b\u6570\u3002\r\n\r\n\u8f93\u5165\u8f93\u51fa\u6837\u4f8b\r\n\u8f93\u5165 #1\r\n6\r\n\u8f93\u51fa #1\r\n2 4 6 1 3 5\r\n3 6 2 5 1 4\r\n4 1 5 2 6 3\r\n4", "author": "\u674e\u5b89\u5357", "category": 9}}, {"model": "web.questions", "pk": 37, "fields": {"title": "\u6e38\u620f\u7ec4\u600e\u4e48\u80fd\u6ca1\u6709\u6e38\u620f\u5462\uff01", "detail": "\u8bf7\u4f7f\u7528c/c++/\u2026\u2026\u505a\u51fa\u4e00\u4e2a\u5c0f\u6e38\u620f\u5427\uff01(\u81ea\u5df1\u505a\u6e38\u620f\u6700\u7ec8\u6210\u529f\u7684\u611f\u89c9\u624d\u662f\u6700\u597d\u7684!)\r\n\r\n\u63d0\u793a\uff1a\u53ef\u4ee5\u505a\u8d2a\u5403\u86c7\uff0c\u63a8\u7bb1\u5b50\u7b49\u7b49\u7b80\u5355\u7684\u5c0f\u6e38\u620f\uff0c\u751a\u81f3\u5766\u514b\u5927\u6218\u90fd\u5f88\u7b80\u5355\uff01\u8bf7\u719f\u7ec3\u8fd0\u7528\u767e\u5ea6\u3002\r\n\r\nPS: \u8d34\u51fa\u4ee3\u7801\u5373\u53ef\uff0c\u672a\u5b8c\u6210\u53ef\u5148\u8d34\u51fa\u5b8c\u6210\u4ee3\u7801\u8868\u660e\u5927\u81f4\u601d\u8def\u3002", "author": "\u674e\u5b89\u5357", "category": 9}}, {"model": "web.questions", "pk": 38, "fields": {"title": "\u4f60\u559c\u6b22\u6e38\u620f\u5417\uff1f", "detail": "\u770b\u5230\u8fd9\u9053\u9898\u76ee\u7684\u4f60\uff0c\u4e00\u5b9a\u662f\u4e00\u4e2a\u559c\u7231\u7535\u5b50\u6e38\u620f\u7684\u4eba\u3002\u90a3\u4e48\u4f60\u559c\u6b22\u54ea\u4e9b\u6e38\u620f\u5462\uff1f\u8bf7\u5199\u51fa\u81f3\u591a\u5341\u4e2a\u4f60\u559c\u6b22\u7684\u7535\u5b50\u6e38\u620f\uff08\u4e0d\u9650\u5e74\u4ee3\uff0c\u4e0d\u9650\u5e73\u53f0\uff09\u3002\u5e76\u62e9\u5176\u4e2d\u4e4b\u4e00\u8c08\u4e00\u4e0b\u4f60\u4e3a\u4ec0\u4e48\u559c\u6b22\u5b83\uff0c\u5b83\u7684\u54ea\u4e9b\u8981\u7d20\u8bbe\u8ba1\u7684\u51fa\u8272\uff1f\u5b83\u4e0e\u540c\u7c7b\u578b\u6e38\u620f\u4e4b\u95f4\u6709\u54ea\u4e9b\u4f18\u52bf\uff1f", "author": "\u6768\u5609\u8c6a", "category": 9}}, {"model": "web.questions", "pk": 39, "fields": {"title": "\u8fd9\u662f\u4ec0\u4e48\uff1f", "detail": "\u8fd9\u91cc\u6709\u4e00\u5f20\u5947\u602a\u7684\u56fe\u7247\uff0c\u8bf7\u4f60\u8bf4\u4e00\u4e0b\u8fd9\u662f\u4ec0\u4e48\uff1f\u5b83\u6240\u63cf\u8ff0\u7684\u5bf9\u8c61\u6709\u4ec0\u4e48\u4f5c\u7528\uff1f\r\nhttps://upload-images.jianshu.io/upload_images/2147599-6abea21d8e7b569a.png?imageMogr2/auto-orient/", "author": "\u6768\u5609\u8c6a", "category": 9}}, {"model": "web.questions", "pk": 40, "fields": {"title": "SNI++", "detail": "https://176.9.166.200", "author": "\u5f20\u68ee\u6cfd", "category": 1}}, {"model": "web.answers", "pk": 1, "fields": {"user": 2, "question": 1, "answer": "We1C0me_t0_XDMsC", "c_time": "22:06:49.161"}}, {"model": "web.answers", "pk": 2, "fields": {"user": 2, "question": 2, "answer": "", "c_time": "22:06:49.171"}}, {"model": "web.answers", "pk": 3, "fields": {"user": 1, "question": 1, "answer": "flag{We1C0me_t0_XDMsC}", "c_time": "22:08:40.920"}}, {"model": "web.answers", "pk": 4, "fields": {"user": 1, "question": 2, "answer": "", "c_time": "22:08:40.930"}}, {"model": "web.answers", "pk": 5, "fields": {"user": 5, "question": 1, "answer": "", "c_time": "22:45:16.642"}}, {"model": "web.answers", "pk": 6, "fields": {"user": 5, "question": 2, "answer": "", "c_time": "22:45:16.651"}}, {"model": "web.answers", "pk": 7, "fields": {"user": 5, "question": 3, "answer": "", "c_time": "22:45:16.660"}}, {"model": "web.answers", "pk": 8, "fields": {"user": 5, "question": 4, "answer": "", "c_time": "22:45:16.670"}}, {"model": "web.answers", "pk": 9, "fields": {"user": 1, "question": 3, "answer": "", "c_time": "12:57:32.707"}}, {"model": "web.answers", "pk": 10, "fields": {"user": 1, "question": 4, "answer": "", "c_time": "12:57:32.720"}}, {"model": "web.answers", "pk": 11, "fields": {"user": 1, "question": 5, "answer": "", "c_time": "12:57:32.730"}}, {"model": "web.answers", "pk": 12, "fields": {"user": 1, "question": 6, "answer": "", "c_time": "12:57:32.740"}}, {"model": "web.answers", "pk": 13, "fields": {"user": 6, "question": 1, "answer": "flag{We1C0me_t0_XDMsC}", "c_time": "13:18:08.761"}}, {"model": "web.answers", "pk": 14, "fields": {"user": 6, "question": 2, "answer": "", "c_time": "13:18:08.782"}}, {"model": "web.answers", "pk": 15, "fields": {"user": 6, "question": 3, "answer": "", "c_time": "13:18:08.793"}}, {"model": "web.answers", "pk": 16, "fields": {"user": 6, "question": 4, "answer": "", "c_time": "13:18:08.809"}}, {"model": "web.answers", "pk": 17, "fields": {"user": 6, "question": 5, "answer": "", "c_time": "13:18:08.822"}}, {"model": "web.answers", "pk": 18, "fields": {"user": 6, "question": 6, "answer": "", "c_time": "13:18:08.834"}}, {"model": "web.answers", "pk": 19, "fields": {"user": 10, "question": 1, "answer": "We1C0me_t0_XDMsC", "c_time": "16:51:39.142"}}, {"model": "web.answers", "pk": 20, "fields": {"user": 10, "question": 2, "answer": "", "c_time": "16:51:39.170"}}, {"model": "web.answers", "pk": 21, "fields": {"user": 10, "question": 3, "answer": "", "c_time": "16:51:39.188"}}, {"model": "web.answers", "pk": 22, "fields": {"user": 10, "question": 4, "answer": "", "c_time": "16:51:39.199"}}, {"model": "web.answers", "pk": 23, "fields": {"user": 10, "question": 5, "answer": "", "c_time": "16:51:39.217"}}, {"model": "web.answers", "pk": 24, "fields": {"user": 10, "question": 6, "answer": "", "c_time": "16:51:39.231"}}, {"model": "web.answers", "pk": 25, "fields": {"user": 10, "question": 7, "answer": "", "c_time": "16:51:39.243"}}, {"model": "web.answers", "pk": 26, "fields": {"user": 2, "question": 3, "answer": "", "c_time": "17:06:41.012"}}, {"model": "web.answers", "pk": 27, "fields": {"user": 2, "question": 4, "answer": "", "c_time": "17:06:41.022"}}, {"model": "web.answers", "pk": 28, "fields": {"user": 2, "question": 5, "answer": "", "c_time": "17:06:41.034"}}, {"model": "web.answers", "pk": 29, "fields": {"user": 2, "question": 6, "answer": "", "c_time": "17:06:41.044"}}, {"model": "web.answers", "pk": 30, "fields": {"user": 2, "question": 7, "answer": "", "c_time": "17:06:41.061"}}, {"model": "web.answers", "pk": 31, "fields": {"user": 9, "question": 1, "answer": "flag{We1C0me_t0_XDMsC}", "c_time": "17:20:27.051"}}, {"model": "web.answers", "pk": 32, "fields": {"user": 9, "question": 2, "answer": "", "c_time": "17:20:27.064"}}, {"model": "web.answers", "pk": 33, "fields": {"user": 9, "question": 3, "answer": "", "c_time": "17:20:27.078"}}, {"model": "web.answers", "pk": 34, "fields": {"user": 9, "question": 4, "answer": "", "c_time": "17:20:27.099"}}, {"model": "web.answers", "pk": 35, "fields": {"user": 9, "question": 5, "answer": "", "c_time": "17:20:27.108"}}, {"model": "web.answers", "pk": 36, "fields": {"user": 9, "question": 6, "answer": "", "c_time": "17:20:27.118"}}, {"model": "web.answers", "pk": 37, "fields": {"user": 9, "question": 7, "answer": "", "c_time": "17:20:27.130"}}, {"model": "web.answers", "pk": 38, "fields": {"user": 1, "question": 7, "answer": "", "c_time": "22:28:37.680"}}, {"model": "web.answers", "pk": 39, "fields": {"user": 1, "question": 8, "answer": "", "c_time": "22:28:37.695"}}, {"model": "web.answers", "pk": 40, "fields": {"user": 1, "question": 9, "answer": "", "c_time": "22:28:37.707"}}, {"model": "web.answers", "pk": 41, "fields": {"user": 1, "question": 10, "answer": "", "c_time": "22:28:37.718"}}, {"model": "web.answers", "pk": 42, "fields": {"user": 1, "question": 12, "answer": "", "c_time": "22:28:37.731"}}, {"model": "web.answers", "pk": 43, "fields": {"user": 1, "question": 13, "answer": "\u5566\u5566\u5566", "c_time": "22:28:37.745"}}, {"model": "web.answers", "pk": 44, "fields": {"user": 1, "question": 14, "answer": "", "c_time": "22:28:37.758"}}, {"model": "web.answers", "pk": 45, "fields": {"user": 1, "question": 15, "answer": "", "c_time": "22:28:37.770"}}, {"model": "web.answers", "pk": 46, "fields": {"user": 1, "question": 16, "answer": "", "c_time": "22:28:37.787"}}, {"model": "web.answers", "pk": 47, "fields": {"user": 1, "question": 18, "answer": "", "c_time": "22:28:37.801"}}, {"model": "web.answers", "pk": 48, "fields": {"user": 1, "question": 19, "answer": "\u5566\u5566\u5566", "c_time": "22:28:37.816"}}, {"model": "web.answers", "pk": 49, "fields": {"user": 1, "question": 20, "answer": "", "c_time": "00:51:59.990"}}, {"model": "web.answers", "pk": 50, "fields": {"user": 1, "question": 21, "answer": "", "c_time": "00:52:00.000"}}, {"model": "web.answers", "pk": 51, "fields": {"user": 1, "question": 22, "answer": "\u5495\u5495\u5495", "c_time": "00:52:00.011"}}, {"model": "web.answers", "pk": 52, "fields": {"user": 1, "question": 23, "answer": "", "c_time": "00:52:00.021"}}, {"model": "web.answers", "pk": 53, "fields": {"user": 1, "question": 24, "answer": "", "c_time": "00:52:00.030"}}, {"model": "web.answers", "pk": 54, "fields": {"user": 1, "question": 25, "answer": "", "c_time": "00:52:00.042"}}, {"model": "web.answers", "pk": 55, "fields": {"user": 1, "question": 26, "answer": "", "c_time": "00:52:00.055"}}, {"model": "web.answers", "pk": 56, "fields": {"user": 1, "question": 27, "answer": "", "c_time": "10:01:27.003"}}, {"model": "web.answers", "pk": 58, "fields": {"user": 21, "question": 1, "answer": "", "c_time": "10:02:25.368"}}, {"model": "web.answers", "pk": 59, "fields": {"user": 21, "question": 2, "answer": "", "c_time": "10:02:25.382"}}, {"model": "web.answers", "pk": 60, "fields": {"user": 21, "question": 3, "answer": "", "c_time": "10:02:25.393"}}, {"model": "web.answers", "pk": 61, "fields": {"user": 21, "question": 4, "answer": "", "c_time": "10:02:25.404"}}, {"model": "web.answers", "pk": 62, "fields": {"user": 21, "question": 5, "answer": "", "c_time": "10:02:25.415"}}, {"model": "web.answers", "pk": 63, "fields": {"user": 21, "question": 6, "answer": "", "c_time": "10:02:25.426"}}, {"model": "web.answers", "pk": 64, "fields": {"user": 21, "question": 7, "answer": "", "c_time": "10:02:25.436"}}, {"model": "web.answers", "pk": 65, "fields": {"user": 21, "question": 8, "answer": "", "c_time": "10:02:25.446"}}, {"model": "web.answers", "pk": 66, "fields": {"user": 21, "question": 9, "answer": "", "c_time": "10:02:25.462"}}, {"model": "web.answers", "pk": 67, "fields": {"user": 21, "question": 10, "answer": "", "c_time": "10:02:25.476"}}, {"model": "web.answers", "pk": 68, "fields": {"user": 21, "question": 12, "answer": "", "c_time": "10:02:25.489"}}, {"model": "web.answers", "pk": 69, "fields": {"user": 21, "question": 13, "answer": "", "c_time": "10:02:25.499"}}, {"model": "web.answers", "pk": 70, "fields": {"user": 21, "question": 14, "answer": "", "c_time": "10:02:25.511"}}, {"model": "web.answers", "pk": 71, "fields": {"user": 21, "question": 15, "answer": "", "c_time": "10:02:25.523"}}, {"model": "web.answers", "pk": 72, "fields": {"user": 21, "question": 16, "answer": "", "c_time": "10:02:25.534"}}, {"model": "web.answers", "pk": 73, "fields": {"user": 21, "question": 18, "answer": "", "c_time": "10:02:25.545"}}, {"model": "web.answers", "pk": 74, "fields": {"user": 21, "question": 19, "answer": "\u5c0f\u9e7f\u673a\u667a\u7684\u4e00\u6279", "c_time": "10:02:25.557"}}, {"model": "web.answers", "pk": 75, "fields": {"user": 21, "question": 20, "answer": "\u4e0a\u7ea7\u6307\u793a:\u8c01\u9e3d\u8c01\u5973\u88c5", "c_time": "10:02:25.577"}}, {"model": "web.answers", "pk": 76, "fields": {"user": 21, "question": 21, "answer": "\u4ee58k\u7684\u4ef7\u683c\u518d\u5356\u4e00\u4e2a\u540c\u578b\u53f7\u7684\u7b14\u8bb0\u672c\uff0c\u8fd9\u6837\u4e4b\u524d\u6b20\u76848k\u5c31\u8865\u9f50\u4e86", "c_time": "10:02:25.598"}}, {"model": "web.answers", "pk": 77, "fields": {"user": 21, "question": 22, "answer": "AD\u9499\uff01\u65fa\u65fa\u4ed9\u8d1d\uff01", "c_time": "10:02:25.612"}}, {"model": "web.answers", "pk": 78, "fields": {"user": 21, "question": 23, "answer": "1\u3001\u63d0\u524d\u9884\u7ea6(3\u4e2a\u6708\u8be2\u95ee\u662f\u5426\u80fd\u53c2\u89c2\uff0c\u53c2\u89c2\u9700\u8981\u5565\uff0c\u6ca1\u6709\u6761\u4ef6\u60f3\u529e\u6cd5\u521b\u9020\u6dfb\u52a0\u8fbe\u6210;\u8003\u8bd5\u540e\u4e00\u5929\r\n2\u3001\u7565\r\n3\u3001\u5632\u7b11\u5979\uff0c\u5e76\u8fc5\u901f\u62cd\u9ed1\u7167\uff0c\u518d\u7ed9\u5979\u7f50\u8001\u575b\u9178\u918b", "c_time": "10:02:25.627"}}, {"model": "web.answers", "pk": 79, "fields": {"user": 21, "question": 24, "answer": "1\u3001xx\u76f4\u64ad(\u672a\u63a5\u8d5e\u52a9\r\n2\u3001\u4e3a\u4ec0\u4e48\u8981\u8feb\u5bb3\u8001\u4eba\uff01", "c_time": "10:02:25.639"}}, {"model": "web.answers", "pk": 80, "fields": {"user": 21, "question": 25, "answer": "", "c_time": "10:02:25.656"}}, {"model": "web.answers", "pk": 81, "fields": {"user": 21, "question": 26, "answer": "", "c_time": "10:02:25.675"}}, {"model": "web.answers", "pk": 82, "fields": {"user": 21, "question": 27, "answer": "", "c_time": "10:02:25.689"}}, {"model": "web.answers", "pk": 84, "fields": {"user": 23, "question": 1, "answer": "", "c_time": "12:17:46.979"}}, {"model": "web.answers", "pk": 85, "fields": {"user": 23, "question": 2, "answer": "", "c_time": "12:17:46.993"}}, {"model": "web.answers", "pk": 86, "fields": {"user": 23, "question": 3, "answer": "", "c_time": "12:17:47.003"}}, {"model": "web.answers", "pk": 87, "fields": {"user": 23, "question": 4, "answer": "", "c_time": "12:17:47.037"}}, {"model": "web.answers", "pk": 88, "fields": {"user": 23, "question": 5, "answer": "", "c_time": "12:17:47.048"}}, {"model": "web.answers", "pk": 89, "fields": {"user": 23, "question": 6, "answer": "", "c_time": "12:17:47.083"}}, {"model": "web.answers", "pk": 90, "fields": {"user": 23, "question": 7, "answer": "", "c_time": "12:17:47.100"}}, {"model": "web.answers", "pk": 91, "fields": {"user": 23, "question": 8, "answer": "", "c_time": "12:17:47.112"}}, {"model": "web.answers", "pk": 92, "fields": {"user": 23, "question": 9, "answer": "", "c_time": "12:17:47.153"}}, {"model": "web.answers", "pk": 93, "fields": {"user": 23, "question": 10, "answer": "", "c_time": "12:17:47.169"}}, {"model": "web.answers", "pk": 94, "fields": {"user": 23, "question": 12, "answer": "", "c_time": "12:17:47.188"}}, {"model": "web.answers", "pk": 95, "fields": {"user": 23, "question": 13, "answer": "", "c_time": "12:17:47.212"}}, {"model": "web.answers", "pk": 96, "fields": {"user": 23, "question": 14, "answer": "", "c_time": "12:17:47.223"}}, {"model": "web.answers", "pk": 97, "fields": {"user": 23, "question": 15, "answer": "", "c_time": "12:17:47.257"}}, {"model": "web.answers", "pk": 98, "fields": {"user": 23, "question": 16, "answer": "", "c_time": "12:17:47.270"}}, {"model": "web.answers", "pk": 99, "fields": {"user": 23, "question": 18, "answer": "", "c_time": "12:17:47.284"}}, {"model": "web.answers", "pk": 100, "fields": {"user": 23, "question": 19, "answer": "ywh\u7684\u9972\u517b\u5458", "c_time": "12:17:47.296"}}, {"model": "web.answers", "pk": 101, "fields": {"user": 23, "question": 20, "answer": "", "c_time": "12:17:47.310"}}, {"model": "web.answers", "pk": 102, "fields": {"user": 23, "question": 21, "answer": "\u5e26\u5c0f\u9e7f\u71ac\u591c\u809d\u65b9\u821f\uff0c\u8d81\u4ed6\u7b2c\u4e8c\u5929\u795e\u5fd7\u4e0d\u6e05\u8ba9\u4ed6\u628a\u7b14\u8bb0\u672c\u7535\u8111\u4ee51w\u5356\u7ed9\u9b54\u9b3c", "c_time": "12:17:47.321"}}, {"model": "web.answers", "pk": 103, "fields": {"user": 23, "question": 22, "answer": "", "c_time": "12:17:47.333"}}, {"model": "web.answers", "pk": 104, "fields": {"user": 23, "question": 23, "answer": "", "c_time": "12:17:47.345"}}, {"model": "web.answers", "pk": 105, "fields": {"user": 23, "question": 24, "answer": "", "c_time": "12:17:47.357"}}, {"model": "web.answers", "pk": 106, "fields": {"user": 23, "question": 25, "answer": "", "c_time": "12:17:47.372"}}, {"model": "web.answers", "pk": 107, "fields": {"user": 23, "question": 26, "answer": "", "c_time": "12:17:47.385"}}, {"model": "web.answers", "pk": 108, "fields": {"user": 23, "question": 27, "answer": "", "c_time": "12:17:47.394"}}, {"model": "web.answers", "pk": 110, "fields": {"user": 1, "question": 29, "answer": "sss", "c_time": "17:34:29.079"}}, {"model": "web.answers", "pk": 111, "fields": {"user": 1, "question": 30, "answer": "", "c_time": "17:34:29.090"}}, {"model": "web.answers", "pk": 112, "fields": {"user": 1, "question": 31, "answer": "flag{learn_t0_use_f12}", "c_time": "17:34:29.105"}}, {"model": "web.answers", "pk": 113, "fields": {"user": 1, "question": 32, "answer": "flag{just_P0st}", "c_time": "18:25:08.511"}}, {"model": "web.answers", "pk": 114, "fields": {"user": 1, "question": 33, "answer": "}", "c_time": "22:49:20.093"}}, {"model": "web.answers", "pk": 115, "fields": {"user": 6, "question": 7, "answer": "", "c_time": "23:18:03.860"}}, {"model": "web.answers", "pk": 116, "fields": {"user": 6, "question": 8, "answer": "", "c_time": "23:18:03.870"}}, {"model": "web.answers", "pk": 117, "fields": {"user": 6, "question": 9, "answer": "", "c_time": "23:18:03.883"}}, {"model": "web.answers", "pk": 118, "fields": {"user": 6, "question": 10, "answer": "", "c_time": "23:18:03.894"}}, {"model": "web.answers", "pk": 119, "fields": {"user": 6, "question": 12, "answer": "", "c_time": "23:18:03.906"}}, {"model": "web.answers", "pk": 120, "fields": {"user": 6, "question": 13, "answer": "", "c_time": "23:18:03.916"}}, {"model": "web.answers", "pk": 121, "fields": {"user": 6, "question": 14, "answer": "", "c_time": "23:18:03.927"}}, {"model": "web.answers", "pk": 122, "fields": {"user": 6, "question": 15, "answer": "", "c_time": "23:18:03.938"}}, {"model": "web.answers", "pk": 123, "fields": {"user": 6, "question": 16, "answer": "", "c_time": "23:18:03.949"}}, {"model": "web.answers", "pk": 124, "fields": {"user": 6, "question": 18, "answer": "", "c_time": "23:18:03.964"}}, {"model": "web.answers", "pk": 125, "fields": {"user": 6, "question": 19, "answer": "", "c_time": "23:18:03.985"}}, {"model": "web.answers", "pk": 126, "fields": {"user": 6, "question": 20, "answer": "", "c_time": "23:18:03.996"}}, {"model": "web.answers", "pk": 127, "fields": {"user": 6, "question": 21, "answer": "", "c_time": "23:18:04.007"}}, {"model": "web.answers", "pk": 128, "fields": {"user": 6, "question": 22, "answer": "", "c_time": "23:18:04.015"}}, {"model": "web.answers", "pk": 129, "fields": {"user": 6, "question": 23, "answer": "", "c_time": "23:18:04.024"}}, {"model": "web.answers", "pk": 130, "fields": {"user": 6, "question": 24, "answer": "", "c_time": "23:18:04.035"}}, {"model": "web.answers", "pk": 131, "fields": {"user": 6, "question": 25, "answer": "", "c_time": "23:18:04.044"}}, {"model": "web.answers", "pk": 132, "fields": {"user": 6, "question": 26, "answer": "", "c_time": "23:18:04.062"}}, {"model": "web.answers", "pk": 133, "fields": {"user": 6, "question": 27, "answer": "", "c_time": "23:18:04.075"}}, {"model": "web.answers", "pk": 134, "fields": {"user": 6, "question": 29, "answer": "", "c_time": "23:18:04.086"}}, {"model": "web.answers", "pk": 135, "fields": {"user": 6, "question": 30, "answer": "", "c_time": "23:18:04.100"}}, {"model": "web.answers", "pk": 136, "fields": {"user": 6, "question": 31, "answer": "flag{learn_t0_use_f12}", "c_time": "23:18:04.111"}}, {"model": "web.answers", "pk": 137, "fields": {"user": 6, "question": 32, "answer": "", "c_time": "23:18:04.124"}}, {"model": "web.answers", "pk": 138, "fields": {"user": 6, "question": 33, "answer": "", "c_time": "23:18:04.136"}}, {"model": "web.answers", "pk": 139, "fields": {"user": 28, "question": 1, "answer": "flag{We1C0me_t0_XDMsC}", "c_time": "20:27:43.570"}}, {"model": "web.answers", "pk": 140, "fields": {"user": 28, "question": 2, "answer": "", "c_time": "20:27:43.592"}}, {"model": "web.answers", "pk": 141, "fields": {"user": 28, "question": 3, "answer": "", "c_time": "20:27:43.605"}}, {"model": "web.answers", "pk": 142, "fields": {"user": 28, "question": 4, "answer": "", "c_time": "20:27:43.620"}}, {"model": "web.answers", "pk": 143, "fields": {"user": 28, "question": 5, "answer": "", "c_time": "20:27:43.630"}}, {"model": "web.answers", "pk": 144, "fields": {"user": 28, "question": 6, "answer": "", "c_time": "20:27:43.649"}}, {"model": "web.answers", "pk": 145, "fields": {"user": 28, "question": 7, "answer": "", "c_time": "20:27:43.664"}}, {"model": "web.answers", "pk": 146, "fields": {"user": 28, "question": 8, "answer": "", "c_time": "20:27:43.682"}}, {"model": "web.answers", "pk": 147, "fields": {"user": 28, "question": 9, "answer": "", "c_time": "20:27:43.693"}}, {"model": "web.answers", "pk": 148, "fields": {"user": 28, "question": 10, "answer": "", "c_time": "20:27:43.705"}}, {"model": "web.answers", "pk": 149, "fields": {"user": 28, "question": 12, "answer": "", "c_time": "20:27:43.715"}}, {"model": "web.answers", "pk": 150, "fields": {"user": 28, "question": 13, "answer": "", "c_time": "20:27:43.729"}}, {"model": "web.answers", "pk": 151, "fields": {"user": 28, "question": 14, "answer": "", "c_time": "20:27:43.744"}}, {"model": "web.answers", "pk": 152, "fields": {"user": 28, "question": 15, "answer": "", "c_time": "20:27:43.767"}}, {"model": "web.answers", "pk": 153, "fields": {"user": 28, "question": 16, "answer": "", "c_time": "20:27:43.781"}}, {"model": "web.answers", "pk": 154, "fields": {"user": 28, "question": 18, "answer": "", "c_time": "20:27:43.793"}}, {"model": "web.answers", "pk": 155, "fields": {"user": 28, "question": 19, "answer": "", "c_time": "20:27:43.807"}}, {"model": "web.answers", "pk": 156, "fields": {"user": 28, "question": 20, "answer": "", "c_time": "20:27:43.817"}}, {"model": "web.answers", "pk": 157, "fields": {"user": 28, "question": 21, "answer": "", "c_time": "20:27:43.828"}}, {"model": "web.answers", "pk": 158, "fields": {"user": 28, "question": 22, "answer": "", "c_time": "20:27:43.841"}}, {"model": "web.answers", "pk": 159, "fields": {"user": 28, "question": 23, "answer": "", "c_time": "20:27:43.854"}}, {"model": "web.answers", "pk": 160, "fields": {"user": 28, "question": 24, "answer": "", "c_time": "20:27:43.870"}}, {"model": "web.answers", "pk": 161, "fields": {"user": 28, "question": 25, "answer": "", "c_time": "20:27:43.882"}}, {"model": "web.answers", "pk": 162, "fields": {"user": 28, "question": 26, "answer": "", "c_time": "20:27:43.892"}}, {"model": "web.answers", "pk": 163, "fields": {"user": 28, "question": 27, "answer": "", "c_time": "20:27:43.906"}}, {"model": "web.answers", "pk": 164, "fields": {"user": 28, "question": 29, "answer": "", "c_time": "20:27:43.916"}}, {"model": "web.answers", "pk": 165, "fields": {"user": 28, "question": 30, "answer": "", "c_time": "20:27:43.927"}}, {"model": "web.answers", "pk": 166, "fields": {"user": 28, "question": 31, "answer": "flag{learn_t0_use_f12}", "c_time": "20:27:43.936"}}, {"model": "web.answers", "pk": 167, "fields": {"user": 28, "question": 32, "answer": "", "c_time": "20:27:43.951"}}, {"model": "web.answers", "pk": 168, "fields": {"user": 28, "question": 33, "answer": "", "c_time": "20:27:43.961"}}, {"model": "web.answers", "pk": 169, "fields": {"user": 28, "question": 34, "answer": "", "c_time": "20:36:57.959"}}, {"model": "web.answers", "pk": 170, "fields": {"user": 29, "question": 1, "answer": "", "c_time": "22:51:55.694"}}, {"model": "web.answers", "pk": 171, "fields": {"user": 29, "question": 2, "answer": "", "c_time": "22:51:55.710"}}, {"model": "web.answers", "pk": 172, "fields": {"user": 29, "question": 3, "answer": "", "c_time": "22:51:55.723"}}, {"model": "web.answers", "pk": 173, "fields": {"user": 29, "question": 4, "answer": "", "c_time": "22:51:55.733"}}, {"model": "web.answers", "pk": 174, "fields": {"user": 29, "question": 5, "answer": "", "c_time": "22:51:55.746"}}, {"model": "web.answers", "pk": 175, "fields": {"user": 29, "question": 6, "answer": "", "c_time": "22:51:55.766"}}, {"model": "web.answers", "pk": 176, "fields": {"user": 29, "question": 7, "answer": "", "c_time": "22:51:55.785"}}, {"model": "web.answers", "pk": 177, "fields": {"user": 29, "question": 8, "answer": "", "c_time": "22:51:55.796"}}, {"model": "web.answers", "pk": 178, "fields": {"user": 29, "question": 9, "answer": "", "c_time": "22:51:55.807"}}, {"model": "web.answers", "pk": 179, "fields": {"user": 29, "question": 10, "answer": "", "c_time": "22:51:55.818"}}, {"model": "web.answers", "pk": 180, "fields": {"user": 29, "question": 12, "answer": "", "c_time": "22:51:55.830"}}, {"model": "web.answers", "pk": 181, "fields": {"user": 29, "question": 13, "answer": "", "c_time": "22:51:55.843"}}, {"model": "web.answers", "pk": 182, "fields": {"user": 29, "question": 14, "answer": "", "c_time": "22:51:55.859"}}, {"model": "web.answers", "pk": 183, "fields": {"user": 29, "question": 15, "answer": "", "c_time": "22:51:55.879"}}, {"model": "web.answers", "pk": 184, "fields": {"user": 29, "question": 16, "answer": "", "c_time": "22:51:55.891"}}, {"model": "web.answers", "pk": 185, "fields": {"user": 29, "question": 18, "answer": "", "c_time": "22:51:55.903"}}, {"model": "web.answers", "pk": 186, "fields": {"user": 29, "question": 19, "answer": "", "c_time": "22:51:55.916"}}, {"model": "web.answers", "pk": 187, "fields": {"user": 29, "question": 20, "answer": "", "c_time": "22:51:55.935"}}, {"model": "web.answers", "pk": 188, "fields": {"user": 29, "question": 21, "answer": "", "c_time": "22:51:55.954"}}, {"model": "web.answers", "pk": 189, "fields": {"user": 29, "question": 22, "answer": "", "c_time": "22:51:55.982"}}, {"model": "web.answers", "pk": 190, "fields": {"user": 29, "question": 23, "answer": "", "c_time": "22:51:55.998"}}, {"model": "web.answers", "pk": 191, "fields": {"user": 29, "question": 24, "answer": "", "c_time": "22:51:56.009"}}, {"model": "web.answers", "pk": 192, "fields": {"user": 29, "question": 25, "answer": "", "c_time": "22:51:56.022"}}, {"model": "web.answers", "pk": 193, "fields": {"user": 29, "question": 26, "answer": "", "c_time": "22:51:56.033"}}, {"model": "web.answers", "pk": 194, "fields": {"user": 29, "question": 27, "answer": "", "c_time": "22:51:56.043"}}, {"model": "web.answers", "pk": 195, "fields": {"user": 29, "question": 29, "answer": "", "c_time": "22:51:56.059"}}, {"model": "web.answers", "pk": 196, "fields": {"user": 29, "question": 30, "answer": "", "c_time": "22:51:56.079"}}, {"model": "web.answers", "pk": 197, "fields": {"user": 29, "question": 31, "answer": "", "c_time": "22:51:56.092"}}, {"model": "web.answers", "pk": 198, "fields": {"user": 29, "question": 32, "answer": "We1C0me_t0_XDMsC", "c_time": "22:51:56.105"}}, {"model": "web.answers", "pk": 199, "fields": {"user": 29, "question": 33, "answer": "", "c_time": "22:51:56.116"}}, {"model": "web.answers", "pk": 200, "fields": {"user": 29, "question": 34, "answer": "", "c_time": "22:51:56.127"}}, {"model": "web.answers", "pk": 201, "fields": {"user": 29, "question": 35, "answer": "", "c_time": "22:51:56.138"}}, {"model": "web.answers", "pk": 202, "fields": {"user": 29, "question": 37, "answer": "", "c_time": "22:51:56.149"}}, {"model": "web.answers", "pk": 203, "fields": {"user": 29, "question": 38, "answer": "", "c_time": "22:51:56.166"}}, {"model": "web.answers", "pk": 204, "fields": {"user": 1, "question": 34, "answer": "", "c_time": "22:52:34.710"}}, {"model": "web.answers", "pk": 205, "fields": {"user": 1, "question": 35, "answer": "", "c_time": "22:52:34.723"}}, {"model": "web.answers", "pk": 206, "fields": {"user": 1, "question": 37, "answer": "", "c_time": "22:52:34.735"}}, {"model": "web.answers", "pk": 207, "fields": {"user": 1, "question": 38, "answer": "", "c_time": "22:52:34.758"}}, {"model": "web.answers", "pk": 208, "fields": {"user": 1, "question": 39, "answer": "", "c_time": "22:52:34.783"}}, {"model": "web.answers", "pk": 209, "fields": {"user": 1, "question": 40, "answer": "", "c_time": "00:37:42.916"}}, {"model": "web.mentor", "pk": 3, "fields": {"name": "\u786c\u4ef6\u7ec4-\u738b\u6657\u5b87"}}, {"model": "web.mentor", "pk": 4, "fields": {"name": "\u786c\u4ef6\u7ec4-\u738b\u6000\u5fd7"}}, {"model": "web.mentor", "pk": 5, "fields": {"name": "\u786c\u4ef6\u7ec4-\u6c5f\u7acb\u5cf0"}}, {"model": "web.mentor", "pk": 6, "fields": {"name": "\u786c\u4ef6\u7ec4-\u590f\u5929"}}, {"model": "web.mentor", "pk": 7, "fields": {"name": "\u786c\u4ef6\u7ec4-\u6731\u4e16\u5065"}}, {"model": "web.mentor", "pk": 8, "fields": {"name": "\u79d1\u7814\u7ec4-\u5de6\u8fb0\u5b87"}}, {"model": "web.mentor", "pk": 9, "fields": {"name": "\u8f6f\u4ef6\u7ec4-\u590f\u6d69\u6587"}}, {"model": "web.mentor", "pk": 10, "fields": {"name": "\u8f6f\u4ef6\u7ec4-\u674e\u7ecf\u7eac"}}, {"model": "web.mentor", "pk": 11, "fields": {"name": "ACM\u7ec4-\u9ec4\u777f\u4e4b"}}, {"model": "web.mentor", "pk": 12, "fields": {"name": "Game\u7ec4-\u674e\u5b89\u5357"}}, {"model": "web.mentor", "pk": 13, "fields": {"name": "Game\u7ec4-\u5f20\u5609\u8c6a"}}, {"model": "web.mentor", "pk": 14, "fields": {"name": "web\u7ec4-\u738b\u660a\u5f3a"}}, {"model": "web.mentor", "pk": 15, "fields": {"name": "web\u7ec4-\u5e9e\u4e49\u4eba"}}, {"model": "web.application", "pk": 1, "fields": {"user": 1, "group": "\u5a92\u4f53\u90e8", "something": "\u563f\u563f\u563f\u5566\u5566\u5566", "stu_num": 17130130255, "college": "\u8ba1\u7b97\u673a\u79d1\u5b66\u4e0e\u6280\u672f\u5b66\u9662", "mentor": []}}, {"model": "web.application", "pk": 2, "fields": {"user": 4, "group": "\u6280\u672f\u90e8", "something": "\u8bf7\u4ecb\u7ecd\u4e00\u4e0b\u81ea\u5df1\u7684\u7279\u957f\u7b49\u7b49", "stu_num": 0, "college": "\u7a7a\u95f4\u79d1\u5b66\u4e0e\u6280\u672f\u5b66\u9662", "mentor": [9, 15]}}, {"model": "web.application", "pk": 3, "fields": {"user": 12, "group": "\u6280\u672f\u90e8", "something": "\u6211\u53eb\u5f20\u61ff\u749e\uff0c2018\u5c4a\uff0c\u5c31\u8bfb\u4e8e\u5fae\u7535\u5b50\u5b66\u9662\uff0c\u5e0c\u671b\u53ef\u4ee5\u6709\u548c\u5927\u4f6c\u4eec\u591a\u5b66\u4e60\u7684\u673a\u4f1a\u3002", "stu_num": 18140100166, "college": "\u5fae\u7535\u5b50\u5b66\u9662", "mentor": [3]}}, {"model": "web.application", "pk": 4, "fields": {"user": 5, "group": "\u6d3b\u52a8\u90e8", "something": "\u7279\u957f\u80fd\u9e3d\u5584\u9e49\uff0c\u4e0d\u5b66\u65e0\u672f\uff0c\u6d51\u6c34\u6478\u9c7c\u7b49\u3002\r\n\u542c\u8bf4\u7206\u7167\u80fd\u514d\u6d3b\u52a8\u90e8\u4e00\u9762\uff01\uff08\u6ed1\u7a3d\uff09", "stu_num": 18020100156, "college": "\u7535\u5b50\u5de5\u7a0b\u5b66\u9662", "mentor": []}}, {"model": "web.application", "pk": 5, "fields": {"user": 32, "group": "\u6280\u672f\u90e8", "something": "\u64c5\u957f\u7403\u7c7b\u8fd0\u52a8(\u7279\u522b\u8db3\u7403)\uff0c\u559c\u6b22\u73a9\u4f46\u4ee5\u5b66\u4e60\u4e3a\u4e3b\uff0c\u671f\u5f85\u5927\u5b66\u751f\u6d3b\u3002", "stu_num": 19030100192, "college": "\u8ba1\u7b97\u673a\u79d1\u5b66\u4e0e\u6280\u672f\u5b66\u9662", "mentor": [8]}}]